,0,1
0,CCAP379/12,['C79']
1,CCAP1318/193,['C56']
2,CCAP258/71,['C14']
3,CCAP222/63,['C14']
4,CCAP271/1,['C14']
5,CCAP379/41,['C14']
6,CCAP680/1,['C14']
7,CCAP1501/10,['C68']
8,CCAP1310/274,['C56']
9,CCAP1018/1,['C37']
10,CCAP1306/16,['C56']
11,CCAP248/9,['C14']
12,CCAP679/9,['C59']
13,CCAP276/56,['C14']
14,CCAP940/1C,['C34']
15,CCAP1318/146,['C56']
16,CCAP1306/20,['C56']
17,CCAP217/6,['C14']
18,CCAP1119/40,['C45']
19,CCAP1310/242,['C56']
20,CCAP222/42,['C14']
21,CCAP1318/23,['C56']
22,CCAP1134/9,['C45']
23,CCAP1310/234,['C56']
24,CCAP1393/7,['C56']
25,CCAP258/127,['C14']
26,CCAP386/2,['C14']
27,CCAP258/121,['C14']
28,CCAP1117/9,['C45']
29,CCAP1318/247,['C56']
30,CCAP1540/2,['C68']
31,CCAP67/23,['C34']
32,CCAP66/50,['C95']
33,CCAP815/1,['C35']
34,CCAP1318/334,['C56']
35,CCAP1119/52,['C45']
36,CCAP258/197,['C14']
37,CCAP6038/1,['C56']
38,CCAP1910/4,['C58']
39,CCAP1565/14,['C68']
40,CCAP1310/132,['C56']
41,CCAP1003/3,['C37']
42,CCAP950/1,['C47']
43,CCAP1306/11,['C56']
44,CCAP1306/21,['C56']
45,CCAP1318/282,['C56']
46,CCAP1010/40,['C37']
47,CCAP1403/12,['C18']
48,CCAP216/14,['C79']
49,CCAP1283/8,['C41']
50,CCAP1310/331,['C56']
51,CCAP1535/1,['C92']
52,CCAP258/147,['C14']
53,CCAP219/2,['C13']
54,CCAP1647/1,['C58']
55,CCAP1450/7,['C17']
56,CCAP1901/3,['C12']
57,CCAP276/32,['C14']
58,CCAP1534/17,['C68']
59,CCAP1224/7A,['C27']
60,CCAP1052/6,['C37']
61,CCAP504/1,['C34']
62,CCAP11/13,"['C1', 'C14']"
63,CCAP1453/9,['C18']
64,CCAP202/10B,['C40']
65,CCAP211/7A,['C14']
66,CCAP1310/326,['C56']
67,CCAP1310/64,['C56']
68,CCAP1310/320,['C56']
69,CCAP1405/1,['C40']
70,CCAP258/2,['C14']
71,CCAP1055/8,['C37']
72,CCAP222/2D,['C14']
73,CCAP11/167,['C14']
74,CCAP258/5,['C14']
75,CCAP248/11,['C14']
76,CCAP1452/1,['C10']
77,CCAP1318/258,['C56']
78,CCAP1318/123,['C56']
79,CCAP1382/4,['C13']
80,CCAP19/6B,['C34']
81,CCAP1220/2,['C58']
82,CCAP5/3,['C14']
83,CCAP1011/1,['C25']
84,CCAP1224/13B,['C41']
85,CCAP612/18,['C59']
86,CCAP934/5,['C35']
87,CCAP66/38,['C95']
88,CCAP66/72,['C95']
89,CCAP1310/222,['C56']
90,CCAP222/62,['C14']
91,CCAP276/48,['C14']
92,CCAP276/25,['C14']
93,CCAP1318/33,['C56']
94,CCAP477/11B,['C59']
95,CCAP66/1A,['C95']
96,CCAP258/150,['C14']
97,CCAP19/12,['C34']
98,CCAP1910/2,['C92']
99,CCAP1310/74,['C56']
100,CCAP1361/12,['C56']
101,CCAP1224/8C,['C41']
102,CCAP258/148,['C14']
103,CCAP211/9C,['C40']
104,CCAP1001/1,['C30']
105,CCAP11/94,['C14']
106,CCAP931/6,['C34']
107,CCAP1310/212,['C56']
108,CCAP1360/4,['C4']
109,CCAP1393/6,['C56']
110,CCAP379/9,['C79']
111,CCAP1310/341,['C56']
112,CCAP258/19,['C14']
113,CCAP66/22D,['C95']
114,CCAP258/140,['C14']
115,CCAP202/3B,['C79']
116,CCAP219/5B,['C14']
117,CCAP379/1B,['C79']
118,CCAP258/136,['C14']
119,CCAP1572/4,['C68']
120,CCAP1310/99,['C56']
121,CCAP1304/1,['C40']
122,CCAP190/2,['C34']
123,CCAP881/1,['C14']
124,CCAP920/12,['C34']
125,CCAP1111/1,['C44']
126,CCAP221/7,['C14']
127,CCAP1361/14,['C56']
128,CCAP1310/157,['C56']
129,CCAP849/6,['C95']
130,CCAP1922/1,['C106']
131,CCAP1318/237,['C56']
132,CCAP1119/31,['C45']
133,CCAP66/22A,['C34']
134,CCAP1630/1P,['C81']
135,CCAP1318/124,['C56']
136,CCAP1310/171,['C56']
137,CCAP1306/3,['C56']
138,CCAP1310/63,['C56']
139,CCAP1310/213,['C56']
140,CCAP1318/399,['C56']
141,CCAP1588/9,['C12']
142,CCAP413/2,['C14']
143,CCAP258/200,['C14']
144,CCAP19/7C,['C34']
145,CCAP1525/3,['C68']
146,CCAP202/18,['C27']
147,CCAP66/19C,['C95']
148,CCAP218/6,['C14']
149,CCAP1119/20,['C45']
150,CCAP1061/45,['C37']
151,CCAP1052/1A,['C37']
152,CCAP1318/254,['C56']
153,CCAP1318/414,['C56']
154,CCAP276/43,['C14']
155,CCAP276/60,['C14']
156,CCAP1905/1,['C92']
157,CCAP1453/12,['C18']
158,CCAP1050/13,['C37']
159,CCAP66/86,['C34']
160,CCAP1086/2,['C37']
161,CCAP258/38,['C14']
162,CCAP11/78,['C34']
163,CCAP258/228,['C14']
164,CCAP287/2,['C14']
165,CCAP222/23,['C14']
166,CCAP1318/275,['C56']
167,CCAP62/2C,['C78']
168,CCAP66/43,['C47']
169,CCAP1136/27,['C45']
170,CCAP1310/146,['C56']
171,CCAP1310/161,['C56']
172,CCAP258/282,['C14']
173,CCAP1690/3,['C64']
174,CCAP1411/1A,['C40']
175,CCAP1318/269,['C56']
176,CCAP66/66,['C95']
177,CCAP260/10,['C14']
178,CCAP1054/4,['C37']
179,CCAP1310/285,['C56']
180,CCAP813/3,['C79']
181,CCAP1224/19B,['C41']
182,CCAP960/5,['C59']
183,CCAP929/1,['C41']
184,CCAP258/50,['C14']
185,CCAP1052/12,['C37']
186,CCAP1405/3,['C17']
187,CCAP1310/95,['C56']
188,CCAP1446/9,['C17']
189,CCAP1588/14,['C68']
190,CCAP1318/418,['C56']
191,CCAP211/57,['C26']
192,CCAP1310/164,['C56']
193,CCAP335/2B,['C14']
194,CCAP1306/25,['C56']
195,CCAP211/34,['C79']
196,CCAP14/2,['C14']
197,CCAP979/44,['C59']
198,CCAP1583/15,['C68']
199,CCAP408/1,['C14']
200,CCAP1119/15,['C45']
201,CCAP1520/1,['C66']
202,CCAP880/4,['C14']
203,CCAP1660/3E,['C99']
204,CCAP384/3,['C14']
205,CCAP1314/4,['C56']
206,CCAP1589/18,['C58']
207,CCAP1902/1,['C12']
208,CCAP1569/1,['C69']
209,CCAP1630/6B,['C81']
210,CCAP1348/3,['C34']
211,CCAP1310/277,['C56']
212,CCAP1616/1,['C99']
213,CCAP1060/4,['C37']
214,CCAP1603/1,['C34']
215,CCAP808/1,['C59']
216,CCAP1660/23,['C63']
217,CCAP211/11N,['C14']
218,CCAP1318/306,['C56']
219,CCAP1310/264,['C56']
220,CCAP211/105,['C14']
221,CCAP112/1,['C14']
222,CCAP1119/39,['C45']
223,CCAP880/5,['C14']
224,CCAP258/273,['C14']
225,CCAP1588/1A,['C68']
226,CCAP2365/1,['C56']
227,CCAP258/11,['C14']
228,CCAP1318/207,['C56']
229,CCAP66/25,['C95']
230,CCAP1310/163,['C56']
231,CCAP222/32,['C14']
232,CCAP1915/7,['C63']
233,CCAP6005/13,['C47']
234,CCAP1957/9,['C63']
235,CCAP1450/13,['C17']
236,CCAP1950/1,['C12']
237,CCAP1063/2,['C37']
238,CCAP1318/278,['C56']
239,CCAP1310/58,['C56']
240,CCAP258/221,['C14']
241,CCAP935/15,['C58']
242,CCAP1957/12,['C63']
243,CCAP1350/12,['C4']
244,CCAP53/1,['C14']
245,CCAP258/10,['C14']
246,CCAP1310/96,['C56']
247,CCAP612/1B,['C59']
248,CCAP1915/9,['C63']
249,CCAP216/12,['C79']
250,CCAP258/3,['C14']
251,CCAP1318/26,['C56']
252,CCAP6/2,['C34']
253,CCAP19/43,['C34']
254,CCAP1318/171,['C56']
255,CCAP1534/11,['C68']
256,CCAP1310/334,['C56']
257,CCAP258/30,['C14']
258,CCAP1310/217,['C56']
259,CCAP1055/4,['C37']
260,CCAP202/19,['C79']
261,CCAP909/3,['C47']
262,CCAP258/210,['C14']
263,CCAP1059/2,['C37']
264,CCAP1310/246,['C56']
265,CCAP1410/10,['C40']
266,CCAP221/5,['C14']
267,CCAP1318/395,['C56']
268,CCAP211/98,['C14']
269,CCAP11/7,"['C14', 'C34']"
270,CCAP1350/15,['C56']
271,CCAP1310/38,['C56']
272,CCAP1310/182,['C56']
273,CCAP1571/3,['C68']
274,CCAP1310/298,['C56']
275,CCAP1369/4,['C4']
276,CCAP1310/286,['C56']
277,CCAP1534/13,['C68']
278,CCAP32/30,['C14']
279,CCAP211/106,['C14']
280,CCAP1397/1,['C34']
281,CCAP276/8,['C79']
282,CCAP1394/2,['C13']
283,CCAP1112/1,['C45']
284,CCAP211/102,['C14']
285,CCAP1325/3,['C56']
286,CCAP278/2G,['C79']
287,CCAP2502/5,['C63']
288,CCAP258/18,['C14']
289,CCAP980/1,['C94']
290,CCAP258/62,['C14']
291,CCAP258/9,['C14']
292,CCAP1459/10,['C17']
293,CCAP1446/2,['C17']
294,CCAP649/22,['C59']
295,CCAP1029/25,['C37']
296,CCAP1310/159,['C56']
297,CCAP1204/17B,['C99']
298,CCAP1310/289,['C56']
299,CCAP66/8,"['C34', 'C95']"
300,CCAP1318/240,['C56']
301,CCAP1318/324,['C56']
302,CCAP379/22,['C79']
303,CCAP32/42,['C14']
304,CCAP1119/25,['C45']
305,CCAP1369/3,['C4']
306,CCAP66/62,['C95']
307,CCAP1049/1,['C37']
308,CCAP1453/22,['C18']
309,CCAP258/208,['C14']
310,CCAP1310/236,['C56']
311,CCAP1453/27,['C18']
312,CCAP222/52,['C14']
313,CCAP1314/6,['C56']
314,CCAP1310/118,['C56']
315,CCAP1010/24,['C37']
316,CCAP1318/4,['C56']
317,CCAP258/287,['C14']
318,CCAP1318/404,['C56']
319,CCAP1310/214,['C56']
320,CCAP247/2,['C14']
321,CCAP413/1,['C14']
322,CCAP1446/7,['C17']
323,CCAP276/33,['C14']
324,CCAP1918/1,['C58']
325,CCAP1571/4,['C109']
326,CCAP1310/111,['C56']
327,CCAP1318/252,['C56']
328,CCAP1318/92,['C56']
329,CCAP1630/1W,['C81']
330,CCAP258/249,['C14']
331,CCAP1357/2,['C56']
332,CCAP6006/9,['C34']
333,CCAP1310/39,['C56']
334,CCAP6006/6,['C34']
335,CCAP1976/8,['C63']
336,CCAP1310/231,['C56']
337,CCAP1224/48,['C13']
338,CCAP217/1A,['C79']
339,CCAP66/6,['C95']
340,CCAP202/4E,['C79']
341,CCAP11/49,['C14']
342,CCAP258/25,['C14']
343,CCAP211/46,['C34']
344,CCAP240/2,['C14']
345,CCAP1077/1B,['C37']
346,CCAP1318/227,['C56']
347,CCAP258/159,['C14']
348,CCAP835/3,['C14']
349,CCAP1060/8,['C37']
350,CCAP1306/46,['C56']
351,CCAP1018/2,['C37']
352,CCAP1318/220,['C56']
353,CCAP11/148,['C14']
354,CCAP1660/13,['C92']
355,CCAP11/3,"['C14', 'C27', 'C47']"
356,CCAP1361/11,['C56']
357,CCAP1459/30,['C17']
358,CCAP1310/221,['C56']
359,CCAP678/10,['C14']
360,CCAP505/9,['C34']
361,CCAP1318/137,['C56']
362,CCAP1301/1,['C56']
363,CCAP615/1A,['C59']
364,CCAP1035/2,['C37']
365,CCAP335/2A,['C79']
366,CCAP1915/10,['C63']
367,CCAP1318/319,['C56']
368,CCAP211/79,['C14']
369,CCAP995/2,['C47']
370,CCAP1052/24,['C37']
371,CCAP348/3,['C14']
372,CCAP1310/36,['C56']
373,CCAP1564/1,['C57']
374,CCAP1318/110,['C56']
375,CCAP6000/1,['C56']
376,CCAP379/1A,['C14']
377,CCAP1310/307,['C56']
378,CCAP611/10,['C14']
379,CCAP1375/8,['C56']
380,CCAP1310/329,['C56']
381,CCAP1357/3,['C56']
382,CCAP161/1A,['C95']
383,CCAP836/2,['C14']
384,CCAP1318/134,['C56']
385,CCAP1318/34,['C56']
386,CCAP1031/1,['C34']
387,CCAP1318/406,['C56']
388,CCAP855/1,['C40']
389,CCAP849/2,['C95']
390,CCAP1321/2,['C56']
391,CCAP1261/10,['C41']
392,CCAP276/39,['C14']
393,CCAP11/137,['C1']
394,CCAP7/5,['C95']
395,CCAP11/83,['C95']
396,CCAP1613/1,"['C59', 'C99']"
397,CCAP1310/119,['C56']
398,CCAP1119/19,['C45']
399,CCAP1599/1,['C106']
400,CCAP1310/313,['C56']
401,CCAP1922/10,['C106']
402,CCAP1565/10,['C60']
403,CCAP1085/33,['C37']
404,CCAP1482/3B,['C17']
405,CCAP1459/40,['C17']
406,CCAP1462/7,['C17']
407,CCAP652/3,['C14']
408,CCAP202/8C,['C79']
409,CCAP258/241,['C14']
410,CCAP1220/1A,['C63']
411,CCAP805/2,['C14']
412,CCAP1547/8,['C61']
413,CCAP1966/4,['C58']
414,CCAP979/42,['C59']
415,CCAP1475/9,['C10']
416,CCAP1029/18,['C37']
417,CCAP1318/335,['C56']
418,CCAP276/10,['C14']
419,CCAP1310/183,['C56']
420,CCAP211/8P,['C79']
421,CCAP1310/83,['C56']
422,CCAP624/2,['C59']
423,CCAP216/21,['C14']
424,CCAP211/8D,['C27']
425,CCAP211/406,['C14']
426,CCAP11/132,['C14']
427,CCAP1453/31,['C18']
428,CCAP278/5,"['C14', 'C40']"
429,CCAP1310/34,['C56']
430,CCAP221/4,['C14']
431,CCAP1361/8,['C56']
432,CCAP260/7,['C14']
433,CCAP1479/10,['C17']
434,CCAP960/3,['C59']
435,CCAP1318/192,['C56']
436,CCAP1310/62,['C56']
437,CCAP1310/3,['C56']
438,CCAP1588/3C,['C68']
439,CCAP1318/251,['C56']
440,CCAP1360/2,['C4']
441,CCAP60/1B,['C14']
442,CCAP935/14,['C63']
443,CCAP1310/139,['C56']
444,CCAP1318/76,['C56']
445,CCAP19/1,"['C9', 'C34']"
446,CCAP24/7,['C14']
447,CCAP202/15A,['C40']
448,CCAP1318/288,['C56']
449,CCAP1318/157,['C56']
450,CCAP1004/3,['C37']
451,CCAP1318/392,['C56']
452,CCAP418/2,['C14']
453,CCAP1318/304,['C56']
454,CCAP849/8,['C95']
455,CCAP66/29,['C95']
456,CCAP417/2,['C14']
457,CCAP216/11B,['C79']
458,CCAP1224/17P,['C41']
459,CCAP1364/1,['C4']
460,CCAP1379/2,['C4']
461,CCAP1310/305,['C56']
462,CCAP1310/256,['C56']
463,CCAP66/21A,['C95']
464,CCAP1318/295,['C56']
465,CCAP66/42,['C95']
466,CCAP211/52,['C14']
467,CCAP1134/1,['C45']
468,CCAP1250/2,['C72']
469,CCAP200/2,['C14']
470,CCAP1910/1,['C92']
471,CCAP1136/16,['C45']
472,CCAP6037/1,['C56']
473,CCAP1005/23,['C25']
474,CCAP1588/7,['C60']
475,CCAP1010/45,['C37']
476,CCAP1583/10,['C69']
477,CCAP1318/136,['C56']
478,CCAP1119/34,['C45']
479,CCAP1029/26,['C37']
480,CCAP222/73,['C14']
481,CCAP1534/14,['C68']
482,CCAP1005/17,['C25']
483,CCAP7/1A,['C95']
484,CCAP218/4,['C14']
485,CCAP222/37,['C14']
486,CCAP1957/4,['C58']
487,CCAP66/26,['C95']
488,CCAP836/8,['C14']
489,CCAP202/15B,['C79']
490,CCAP278/1,['C14']
491,CCAP19/18,['C9']
492,CCAP1310/259,['C56']
493,CCAP1915/1,['C63']
494,CCAP258/33,['C14']
495,CCAP1572/6,['C68']
496,CCAP6006/5,['C34']
497,CCAP211/21B,['C95']
498,CCAP11/152,['C14']
499,CCAP34/6,['C27']
500,CCAP1310/114,['C56']
501,CCAP276/47,['C14']
502,CCAP6080/1,['C59']
503,CCAP1534/15,['C4']
504,CCAP276/35,['C14']
505,CCAP4018/2,['C56']
506,CCAP1322/5,['C56']
507,CCAP1318/413,['C56']
508,CCAP2533/1,['C63']
509,CCAP24/2B,['C14']
510,CCAP1316/1,['C56']
511,CCAP1318/214,['C56']
512,CCAP1501/17,['C68']
513,CCAP1310/297,['C56']
514,CCAP211/61,['C26']
515,CCAP1572/5,['C68']
516,CCAP1459/9,['C10']
517,CCAP1450/12,['C17']
518,CCAP254/5,['C14']
519,CCAP1027/2,['C37']
520,CCAP1581/3,['C68']
521,CCAP1055/2,['C37']
522,CCAP216/4,['C79']
523,CCAP1586/1,['C76']
524,CCAP1224/44,['C41']
525,CCAP11/93,['C14']
526,CCAP1318/21,['C56']
527,CCAP1310/333,['C56']
528,CCAP1318/249,['C56']
529,CCAP258/108,['C14']
530,CCAP1915/8,['C63']
531,CCAP1318/198,['C56']
532,CCAP1010/49,['C37']
533,CCAP1537/10,['C76']
534,CCAP1310/57,['C56']
535,CCAP1315/1,['C56']
536,CCAP1388/2,['C34']
537,CCAP1318/259,['C56']
538,CCAP1010/54,['C37']
539,CCAP1224/32B,['C41']
540,CCAP1318/46,['C56']
541,CCAP211/11C,['C14']
542,CCAP946/4,['C34']
543,CCAP202/4A,['C79']
544,CCAP284/1,['C14']
545,CCAP222/56,['C14']
546,CCAP727/1,"['C34', 'C47']"
547,CCAP1085/31,['C37']
548,CCAP32/33,['C14']
549,CCAP6079/1,['C34']
550,CCAP860/2,['C79']
551,CCAP7/2B,['C95']
552,CCAP1318/14,['C56']
553,CCAP1310/110,['C56']
554,CCAP181/9,['C14']
555,CCAP463/3,['C14']
556,CCAP1501/1A,['C68']
557,CCAP24/5,['C14']
558,CCAP230/1,['C14']
559,CCAP1318/91,['C56']
560,CCAP1010/3,['C37']
561,CCAP1615/4,['C92']
562,CCAP1310/340,['C56']
563,CCAP822/1,['C14']
564,CCAP211/120,['C14']
565,CCAP11/4,['C14']
566,CCAP1953/1,['C12']
567,CCAP1369/1,['C4']
568,CCAP258/265,['C14']
569,CCAP1974/4,['C58']
570,CCAP1010/42,['C37']
571,CCAP1432/1,['C17']
572,CCAP211/11G,['C27']
573,CCAP1318/234,['C56']
574,CCAP11/141,['C14']
575,CCAP1421/1,['C10']
576,CCAP3052/1,['C68']
577,CCAP379/5,['C4']
578,CCAP211/112,['C14']
579,CCAP1318/401,['C56']
580,CCAP1630/22,['C92']
581,CCAP258/120,['C14']
582,CCAP1350/11,['C4']
583,CCAP849/5,['C34']
584,CCAP470/7,['C79']
585,CCAP222/20,['C14']
586,CCAP276/31,['C14']
587,CCAP213/6,['C14']
588,CCAP258/57,['C14']
589,CCAP1403/4B,['C18'],Trichormus variabilis
590,CCAP1318/325,['C56']
591,CCAP679/10,['C14']
592,CCAP236/1B,['C55']
593,CCAP1588/4,['C68']
594,CCAP1503/7,['C73']
595,CCAP1022/3,['C37']
596,CCAP258/106,['C14']
597,CCAP1310/227,['C56']
598,CCAP1318/164,['C56']
599,CCAP66/53,['C95']
600,CCAP1318/11,['C56']
601,CCAP929/8,['C59']
602,CCAP1318/138,['C56']
603,CCAP276/16,['C27']
604,CCAP276/4E,['C79']
605,CCAP1318/412,['C56']
606,CCAP213/8,['C14']
607,CCAP11/33,['C14']
608,CCAP1306/37,['C56']
609,CCAP1410/11,['C18']
610,CCAP1318/212,['C56']
611,CCAP216/10,['C79']
612,CCAP11/6C,['C14']
613,CCAP11/6B,['C14']
614,CCAP1306/29,['C56']
615,CCAP1398/2,['C34']
616,CCAP11/136,['C1']
617,CCAP1900/3,['C12']
618,CCAP1310/218,['C56']
619,CCAP66/34,['C95']
620,CCAP11/153,['C14']
621,CCAP1312/1,['C56']
622,CCAP248/12,['C14']
623,CCAP1318/133,['C56']
624,CCAP1310/48,['C56']
625,CCAP66/65,['C95']
626,CCAP1023/1,['C37']
627,CCAP1306/23,['C56']
628,CCAP1310/65,['C56']
629,CCAP1503/6,['C73']
630,CCAP1119/48,['C45']
631,CCAP1501/8,['C68']
632,CCAP1310/82,['C56']
633,CCAP1310/245,['C56']
634,CCAP11/140,['C14']
635,CCAP233/1,['C95']
636,CCAP918/2,['C47']
637,CCAP1318/320,['C56']
638,CCAP1357/4,['C56']
639,CCAP1690/2,['C22']
640,CCAP1318/45,['C56']
641,CCAP1392/1,['C13']
642,CCAP1318/145,['C56']
643,CCAP211/8C,['C14']
644,CCAP940/1B,['C34']
645,CCAP19/22,['C9']
646,CCAP1318/223,['C56']
647,CCAP1957/7,['C63']
648,CCAP222/8,['C14']
649,CCAP1330/8,['C56']
650,CCAP32/3,['C14']
651,CCAP835/4,['C14']
652,CCAP1375/3,['C56']
653,CCAP1085/24,['C37']
654,CCAP850/1,['C14']
655,CCAP698/3B,['C14']
656,CCAP1306/6,['C56']
657,CCAP1393/3,['C56']
658,CCAP1501/2B,['C68']
659,CCAP1026/2,['C37']
660,CCAP1318/357,['C56']
661,CCAP258/170,['C14']
662,CCAP1318/35,['C56']
663,CCAP1398/1,['C34']
664,CCAP1069/2,['C37']
665,CCAP1345/1,['C56']
666,CCAP276/66,['C14']
667,CCAP1035/4,['C37']
668,CCAP176/6,['C14']
669,CCAP812/1,['C14']
670,CCAP1537/12,['C63']
671,CCAP258/61,['C14']
672,CCAP1310/94,['C56']
673,CCAP1310/134,['C56']
674,CCAP1005/15,['C25']
675,CCAP1501/19,['C68']
676,CCAP1588/11,['C68']
677,CCAP1911/1,['C58']
678,CCAP1460/12,['C17']
679,CCAP1057/1,['C37']
680,CCAP1310/321,['C56']
681,CCAP1140/8,['C59']
682,CCAP66/44,['C95']
683,CCAP849/4,['C95']
684,CCAP1318/270,['C56']
685,CCAP1501/16,['C68']
686,CCAP1250/5,['C63']
687,CCAP1901/1,['C12']
688,CCAP6006/3,['C47']
689,CCAP243/2A,['C79']
690,CCAP1403/13A,['C18']
691,CCAP19/30,['C47']
692,CCAP258/78,['C14']
693,CCAP1318/286,['C56']
694,CCAP181/10,['C14']
695,CCAP649/23,['C59']
696,CCAP1660/3C,['C99']
697,CCAP1453/4,['C18']
698,CCAP1310/232,['C56']
699,CCAP19/27,['C34']
700,CCAP1318/273,['C56']
701,CCAP1310/168,['C56']
702,CCAP1403/13D,['C18']
703,CCAP1555/1,['C76']
704,CCAP1365/4,['C4']
705,CCAP1501/3C,['C68']
706,CCAP1613/5,['C59']
707,CCAP1317/1,['C56']
708,CCAP1318/204,['C56']
709,CCAP1453/33,['C18']
710,CCAP176/4,['C14']
711,CCAP955/2,['C58']
712,CCAP211/3,"['C14', 'C79']"
713,CCAP65/1,['C14']
714,CCAP11/43,['C14']
715,CCAP11/112,['C14']
716,CCAP11/73,['C14']
717,CCAP1534/2,['C68']
718,CCAP1630/5A,['C81']
719,CCAP1532/1,['C54']
720,CCAP1518/25,['C68']
721,CCAP1306/18,['C56']
722,CCAP849/3,['C95']
723,CCAP218/1,"['C14', 'C79']"
724,CCAP1318/268,['C56']
725,CCAP1460/8,['C17']
726,CCAP1318/154,['C56']
727,CCAP211/89,['C14']
728,CCAP1427/4,['C18']
729,CCAP250/1,['C14']
730,CCAP1310/309,['C56']
731,CCAP1518/16,['C50']
732,CCAP211/11J,['C79']
733,CCAP379/23,['C79']
734,CCAP1047/2,['C37']
735,CCAP258/288,['C14']
736,CCAP1306/2,['C56']
737,CCAP933/27,['C59']
738,CCAP211/11Q,['C79']
739,CCAP1119/41,['C45']
740,CCAP450/1A,['C40']
741,CCAP11/139,['C14']
742,CCAP1318/95,['C56']
743,CCAP1446/10,['C17']
744,CCAP211/107,['C14']
745,CCAP415/4,['C14']
746,CCAP1310/244,['C56']
747,CCAP1501/7,['C68']
748,CCAP1318/128,['C56']
749,CCAP1310/10,['C56']
750,CCAP211/11B,['C14']
751,CCAP1314/2,['C56']
752,CCAP1393/2,['C56']
753,CCAP258/16,['C14']
754,CCAP1310/70,['C56']
755,CCAP1283/4B,['C41']
756,CCAP836/9,['C14']
757,CCAP1224/38,['C41']
758,CCAP202/7C,['C79']
759,CCAP211/29A,['C95']
760,CCAP1618/2,['C58']
761,CCAP1310/273,['C56']
762,CCAP66/31,['C95']
763,CCAP1537/6,['C12']
764,CCAP11/72,['C14']
765,CCAP470/4,['C14']
766,CCAP1306/12,['C56']
767,CCAP1121/7,['C45']
768,CCAP1588/8,['C68']
769,CCAP470/5,['C14']
770,CCAP887/3,['C14']
771,CCAP335/17,['C14']
772,CCAP163/1B,['C95']
773,CCAP1318/159,['C56']
774,CCAP1318/303,['C56']
775,CCAP379/39,['C4']
776,CCAP222/24,['C14']
777,CCAP1318/231,['C56']
778,CCAP202/10J,['C40']
779,CCAP216/13,['C79']
780,CCAP258/194,['C14']
781,CCAP384/2,['C14']
782,CCAP1050/19,['C37']
783,CCAP1361/6,['C56']
784,CCAP1373/3,['C56']
785,CCAP1453/24,['C18']
786,CCAP1970/1,['C109']
787,CCAP1310/295,['C56']
788,CCAP477/13,['C59']
789,CCAP66/22C,['C95']
790,CCAP1350/14,['C4']
791,CCAP211/29B,['C95']
792,CCAP1318/419,['C56']
793,CCAP1587/1,['C63']
794,CCAP211/56,['C14']
795,CCAP1310/173,['C56']
796,CCAP11/46,['C14']
797,CCAP6006/8,['C34']
798,CCAP1318/313,['C56']
799,CCAP1318/397,['C56']
800,CCAP1306/27,['C56']
801,CCAP1368/2,['C4']
802,CCAP1974/2,['C58']
803,CCAP34/2G,['C14']
804,CCAP1318/398,['C56']
805,CCAP5010/4,['C34']
806,CCAP211/55,['C26']
807,CCAP32/35,['C14']
808,CCAP1360/10,['C4']
809,CCAP909/1,['C47']
810,CCAP808/3,['C14']
811,CCAP1334/1,['C56']
812,CCAP11/27,['C14']
813,CCAP24/1A,['C14']
814,CCAP63/3,['C99']
815,CCAP1446/1A,['C18']
816,CCAP1614/1,['C99']
817,CCAP1571/6,['C109']
818,CCAP934/9,['C35']
819,CCAP202/14A,['C79']
820,CCAP8/6,['C34']
821,CCAP1318/307,['C56']
822,CCAP1380/5,['C74']
823,CCAP1318/310,['C56']
824,CCAP1448/2,['C17']
825,CCAP1361/10,['C56']
826,CCAP1306/10,['C56']
827,CCAP379/33,['C34']
828,CCAP847/1,['C14']
829,CCAP1589/20,['C71']
830,CCAP3047/3,['C68']
831,CCAP450/2,['C13']
832,CCAP32/32,['C14']
833,CCAP66/28,['C95']
834,CCAP1318/130,['C56']
835,CCAP1310/235,['C56']
836,CCAP1448/3,['C17']
837,CCAP277/1,['C79']
838,CCAP450/3,['C14']
839,CCAP1589/8,['C60']
840,CCAP1318/73,['C56']
841,CCAP1010/56,['C37']
842,CCAP1480/1,['C17']
843,CCAP32/1C,['C14']
844,CCAP1350/5,['C4']
845,CCAP211/47,['C26']
846,CCAP1406/1,['C10']
847,CCAP1450/4,['C17']
848,CCAP1318/422,['C56']
849,CCAP258/232,['C14']
850,CCAP258/46,['C14']
851,CCAP24/4,['C14']
852,CCAP218/10,['C14']
853,CCAP1357/5,['C56']
854,CCAP1310/117,['C56']
855,CCAP9/2,['C14']
856,CCAP1306/35,['C56']
857,CCAP1310/220,['C56']
858,CCAP813/1,['C14']
859,CCAP1055/9,['C37']
860,CCAP1318/162,['C56']
861,CCAP1462/6,['C17']
862,CCAP1318/178,['C56']
863,CCAP931/1,['C34']
864,CCAP1029/21,['C25']
865,CCAP1310/158,['C56']
866,CCAP1360/1,"['C4', 'C13', 'C40']"
867,CCAP1376/1,['C13']
868,CCAP1525/2,['C68']
869,CCAP1119/54,['C45']
870,CCAP258/181,['C14']
871,CCAP1318/321,['C56']
872,CCAP1318/329,['C56']
873,CCAP2502/7,['C68']
874,CCAP258/51,['C14']
875,CCAP1630/8B,['C81']
876,CCAP808/2,['C14']
877,CCAP1310/85,['C56']
878,CCAP216/3B,['C79']
879,CCAP276/4D,['C27']
880,CCAP275/1,['C14']
881,CCAP1318/305,['C56']
882,CCAP1318/82,['C56']
883,CCAP1310/301,['C56']
884,CCAP1224/41,['C79']
885,CCAP1413/1,['C10']
886,CCAP258/286,['C14']
887,CCAP34/2C,['C14']
888,CCAP258/247,['C14']
889,CCAP66/1C,['C95']
890,CCAP1310/125,['C56']
891,CCAP202/4D,['C79']
892,CCAP211/48,['C14']
893,CCAP254/3,['C14']
894,CCAP1376/2,['C13']
895,CCAP1590/1,['C68']
896,CCAP1310/316,['C56']
897,CCAP1318/203,['C56']
898,CCAP1318/98,['C56']
899,CCAP1119/49,['C45']
900,CCAP1318/380,['C56']
901,CCAP1589/23,['C68']
902,CCAP219/5A,['C14']
903,CCAP1318/40,['C56']
904,CCAP1907/2,['C63']
905,CCAP1310/342,['C56']
906,CCAP1912/1,['C58']
907,CCAP1318/342,['C56']
908,CCAP19/20,['C47']
909,CCAP32/36,['C14']
910,CCAP3/1,['C14']
911,CCAP979/26,['C59']
912,CCAP1588/12,['C92']
913,CCAP278/2B,['C79']
914,CCAP1360/3,['C4']
915,CCAP1078/1,['C37']
916,CCAP1903/3,['C58']
917,CCAP1310/184,['C56']
918,CCAP1070/4,['C25']
919,CCAP1306/22,['C56']
920,CCAP650/2,['C14']
921,CCAP1630/5B,['C81']
922,CCAP1380/3,['C47']
923,CCAP1310/272,['C56']
924,CCAP1554/1,['C53']
925,CCAP1310/200,['C56']
926,CCAP4018/1,['C56']
927,CCAP1380/10,['C56']
928,CCAP1010/17,['C37']
929,CCAP1010/52,['C37']
930,CCAP1686/1,['C104']
931,CCAP1322/2,['C56']
932,CCAP1547/7,['C65']
933,CCAP11/88,['C95']
934,CCAP320/1,['C34']
935,CCAP12/2A,['C14']
936,CCAP1318/426,['C56']
937,CCAP11/163,['C14']
938,CCAP1318/22,['C56']
939,CCAP1450/6,['C17']
940,CCAP1310/292,['C56']
941,CCAP1330/5,['C56']
942,CCAP211/10A,['C79']
943,CCAP202/22,['C79']
944,CCAP276/12,['C14']
945,CCAP1204/20A,['C99']
946,CCAP19/19,['C9']
947,CCAP698/1A,['C14']
948,CCAP574/1,['C14']
949,CCAP2571/2,['C63']
950,CCAP1310/78,['C56']
951,CCAP941/1A,['C34']
952,CCAP11/87,['C95']
953,CCAP209/1A,['C79']
954,CCAP1113/1,['C59']
955,CCAP211/8H,['C40']
956,CCAP258/229,['C14']
957,CCAP1318/400,['C56']
958,CCAP276/64,['C14']
959,CCAP379/36,['C34']
960,CCAP1136/11,['C45']
961,CCAP348/4,['C14']
962,CCAP1945/1,['C5']
963,CCAP1318/386,['C56']
964,CCAP1581/2,['C68']
965,CCAP860/5,['C14']
966,CCAP1403/21,['C40']
967,CCAP1310/29,['C56']
968,CCAP379/7,['C79']
969,CCAP1318/328,['C56']
970,CCAP222/25,['C14']
971,CCAP1357/7,['C56']
972,CCAP477/18,['C14']
973,CCAP1610/1,['C12']
974,CCAP258/190,['C14']
975,CCAP258/132,['C14']
976,CCAP379/34,['C34']
977,CCAP1023/11,['C37']
978,CCAP1318/402,['C56']
979,CCAP806/2,['C14']
980,CCAP1119/36,['C45']
981,CCAP1460/13,['C17']
982,CCAP1611/1,['C58']
983,CCAP260/9,['C14']
984,CCAP1361/15,['C56']
985,CCAP960/4,['C40']
986,CCAP211/42,['C79']
987,CCAP243/3,['C79']
988,CCAP248/4,['C14']
989,CCAP1310/150,['C56']
990,CCAP258/174,['C14']
991,CCAP1660/18,['C92']
992,CCAP1310/30,['C56']
993,CCAP1660/21,['C63']
994,CCAP997/1,['C12']
995,CCAP979/39,['C59']
996,CCAP211/81,['C14']
997,CCAP276/44,['C14']
998,CCAP812/2A,['C14']
999,CCAP218/2,['C14']
1000,CCAP1318/390,['C56']
1001,CCAP258/114,['C14']
1002,CCAP335/6,['C14']
1003,CCAP258/166,['C14']
1004,CCAP1459/6,['C17']
1005,CCAP979/35,['C59']
1006,CCAP19/24,['C34']
1007,CCAP1318/411,['C56']
1008,CCAP1951/1,['C12']
1009,CCAP1204/17J,['C26']
1010,CCAP1382/3,['C13']
1011,CCAP32/24,['C14']
1012,CCAP1310/55,['C56']
1013,CCAP62/2B,['C78']
1014,CCAP416/2,['C14']
1015,CCAP1119/13,['C45']
1016,CCAP1319/1,['C56']
1017,CCAP260/4,['C14']
1018,CCAP11/161,['C14']
1019,CCAP1473/4,['C17']
1020,CCAP1102/7,['C45']
1021,CCAP2580/1,['C68']
1022,CCAP1318/142,['C56']
1023,CCAP1462/13,['C17']
1024,CCAP1479/13,['C17']
1025,CCAP1315/2,['C56']
1026,CCAP211/11F,['C14']
1027,CCAP1318/112,['C56']
1028,CCAP258/36,['C14']
1029,CCAP1529/4,['C60']
1030,CCAP211/97,['C14']
1031,CCAP19/25,['C47']
1032,CCAP1005/9,['C25']
1033,CCAP612/10,['C59']
1034,CCAP1341/1,['C4']
1035,CCAP981/1,['C59']
1036,CCAP1459/36,['C17']
1037,CCAP1224/5T,['C26']
1038,CCAP276/58,['C14']
1039,CCAP1318/195,['C56']
1040,CCAP1453/19,['C18']
1041,CCAP7/2A,['C95']
1042,CCAP32/19,['C14']
1043,CCAP1318/408,['C56']
1044,CCAP1318/113,['C56']
1045,CCAP32/21,['C14']
1046,CCAP1023/3,['C37']
1047,CCAP1361/7,['C56']
1048,CCAP612/23,['C14']
1049,CCAP258/84,['C14']
1050,CCAP4018/4,['C56']
1051,CCAP1660/3F,['C99']
1052,CCAP1922/12,['C106']
1053,CCAP335/10,['C79']
1054,CCAP221/8,['C14']
1055,CCAP944/4,['C34']
1056,CCAP830/1,['C13']
1057,CCAP1310/260,['C56']
1058,CCAP258/109,['C14']
1059,CCAP679/2,['C14']
1060,CCAP254/7,['C14']
1061,CCAP1348/2,['C34']
1062,CCAP1501/4,['C68']
1063,CCAP1310/283,['C56']
1064,CCAP1310/115,['C56']
1065,CCAP1318/155,['C56']
1066,CCAP1310/40,['C56']
1067,CCAP1318/316,['C56']
1068,CCAP1003/7,['C37']
1069,CCAP1310/210,['C56']
1070,CCAP1310/302,['C56']
1071,CCAP379/18,['C79']
1072,CCAP1224/9C,['C26']
1073,CCAP1318/232,['C56']
1074,CCAP1310/45,['C56']
1075,CCAP216/15,['C79']
1076,CCAP32/38,['C14']
1077,CCAP1915/4,['C63']
1078,CCAP1318/39,['C56']
1079,CCAP1630/21,['C81']
1080,CCAP1318/7,['C56']
1081,CCAP463/2,['C14']
1082,CCAP1318/141,['C56']
1083,CCAP1306/26,['C56']
1084,CCAP1310/177,['C56']
1085,CCAP1326/1,['C56']
1086,CCAP11/28,['C14']
1087,CCAP1310/5,['C56']
1088,CCAP1136/18,['C45']
1089,CCAP212/1,['C27']
1090,CCAP1220/1B,['C63']
1091,CCAP805/3B,['C14']
1092,CCAP1361/5,['C56']
1093,CCAP1310/278,['C56']
1094,CCAP913/3,['C34']
1095,CCAP1547/9,['C53']
1096,CCAP11/115,['C14']
1097,CCAP217/8,['C14']
1098,CCAP1216/3C,['C99']
1099,CCAP849/1,['C34']
1100,CCAP258/237,['C14']
1101,CCAP208/1,['C14']
1102,CCAP1224/47,['C41']
1103,CCAP1318/356,['C56']
1104,CCAP1140/11,['C59']
1105,CCAP1310/8,['C56']
1106,CCAP19/15,['C9']
1107,CCAP1375/6,['C56']
1108,CCAP809/3,['C14']
1109,CCAP1310/315,['C56']
1110,CCAP1102/1,['C45']
1111,CCAP258/128,['C14']
1112,CCAP1075/2,['C37']
1113,CCAP258/24,['C14']
1114,CCAP1085/10,['C37']
1115,CCAP258/122,['C14']
1116,CCAP1546/4,['C68']
1117,CCAP11/146,['C14']
1118,CCAP11/34,['C47']
1119,CCAP1479/8,['C10']
1120,CCAP611/6,['C14']
1121,CCAP1901/2,['C58']
1122,CCAP379/1D,['C79']
1123,CCAP258/34,['C14']
1124,CCAP1318/384,['C56']
1125,CCAP805/1,['C14']
1126,CCAP1442/1,['C10']
1127,CCAP200/1,['C14']
1128,CCAP11/66,['C14']
1129,CCAP258/29,['C14']
1130,CCAP1453/15,['C18']
1131,CCAP222/13,['C14']
1132,CCAP1388/5,['C34']
1133,CCAP258/67,['C14']
1134,CCAP276/17,['C79']
1135,CCAP1318/140,['C56']
1136,CCAP1119/33,['C45']
1137,CCAP384/1,['C79']
1138,CCAP940/2,['C34']
1139,CCAP1086/1,['C37']
1140,CCAP276/1B,['C40']
1141,CCAP1344/1,['C56']
1142,CCAP2383/1,['C56']
1143,CCAP273/3,['C14']
1144,CCAP203/1,['C14']
1145,CCAP211/63,['C27']
1146,CCAP1318/246,['C56']
1147,CCAP213/4,['C14']
1148,CCAP1660/19,['C92']
1149,CCAP924/1,['C41']
1150,CCAP904/1,['C34']
1151,CCAP176/2,['C79']
1152,CCAP34/1D,['C14']
1153,CCAP955/3,['C4']
1154,CCAP1310/140,['C56']
1155,CCAP11/42,['C14']
1156,CCAP386/5,['C14']
1157,CCAP268/1,['C79']
1158,CCAP1136/29,['C45']
1159,CCAP258/173,['C14']
1160,CCAP1310/344,['C56']
1161,CCAP8/3,['C14']
1162,CCAP32/11,['C14']
1163,CCAP1575/2,['C68']
1164,CCAP1348/4,['C34']
1165,CCAP1029/31,['C25']
1166,CCAP1420/4,['C17']
1167,CCAP1318/147,['C56']
1168,CCAP11/22B,['C14']
1169,CCAP1204/12,['C99']
1170,CCAP1375/7,['C56']
1171,CCAP335/4,['C14']
1172,CCAP1588/3D,['C68']
1173,CCAP1310/162,['C56']
1174,CCAP1630/1G,['C81']
1175,CCAP247/3,['C14']
1176,CCAP1310/339,['C56']
1177,CCAP202/20,['C79']
1178,CCAP211/113,['C14']
1179,CCAP1686/3,['C4']
1180,CCAP1403/7,['C18'],Anabaena ambigua
1181,CCAP949/1,['C34']
1182,CCAP477/11A,['C59']
1183,CCAP913/8,['C34']
1184,CCAP19/32,['C9']
1185,CCAP477/1,"['C14', 'C59']"
1186,CCAP66/3,['C95']
1187,CCAP1310/288,['C56']
1188,CCAP6/1,['C14']
1189,CCAP1002/5,['C25']
1190,CCAP11/119,['C14']
1191,CCAP216/11A,['C79']
1192,CCAP1318/267,['C56']
1193,CCAP1534/1,"['C4', 'C68']"
1194,CCAP860/8,['C14']
1195,CCAP32/40,['C14']
1196,CCAP211/10E,['C79']
1197,CCAP258/220,['C14']
1198,CCAP2502/4,['C63']
1199,CCAP1318/344,['C56']
1200,CCAP202/4C,['C79']
1201,CCAP812/3,['C14']
1202,CCAP258/100,['C14']
1203,CCAP181/8,['C14']
1204,CCAP1910/5,['C58']
1205,CCAP1310/262,['C56']
1206,CCAP237/1,['C14']
1207,CCAP379/32,['C34']
1208,CCAP1412/6,['C10']
1209,CCAP1321/4,['C56']
1210,CCAP812/5,['C14']
1211,CCAP1310/186,['C56']
1212,CCAP1922/6,['C106']
1213,CCAP1318/74,['C56']
1214,CCAP1310/194,['C56']
1215,CCAP161/3,['C95']
1216,CCAP214/1,['C14']
1217,CCAP209/2,['C14']
1218,CCAP11/154,['C14']
1219,CCAP1424/1,['C17']
1220,CCAP1313/1,['C56']
1221,CCAP258/183,['C14']
1222,CCAP202/5C,['C79']
1223,CCAP211/40,"['C14', 'C79']"
1224,CCAP1085/40,['C37']
1225,CCAP1318/381,['C56']
1226,CCAP11/5A,['C14']
1227,CCAP927/14,['C34']
1228,CCAP1581/6,['C68']
1229,CCAP211/71,['C14']
1230,CCAP1450/15,['C40']
1231,CCAP391/1,['C14']
1232,CCAP66/36,['C95']
1233,CCAP1310/23,['C56']
1234,CCAP32/16,['C14']
1235,CCAP32/12,['C14']
1236,CCAP1134/8,['C45']
1237,CCAP11/173,['C14']
1238,CCAP1448/1,['C17']
1239,CCAP276/40,['C14']
1240,CCAP1318/104,['C56']
1241,CCAP31/4,['C14']
1242,CCAP1318/393,['C56']
1243,CCAP270/1,['C14']
1244,CCAP1459/37,['C17']
1245,CCAP1519/1,['C68']
1246,CCAP1910/3,['C58']
1247,CCAP920/9,['C34']
1248,CCAP31/1,['C14']
1249,CCAP222/35,['C14']
1250,CCAP1960/4B,['C14']
1251,CCAP1050/9,['C37']
1252,CCAP1403/13E,['C18']
1253,CCAP1077/7,['C37']
1254,CCAP1029/13,['C25']
1255,CCAP1310/276,['C56']
1256,CCAP1310/35,['C56']
1257,CCAP830/2,['C79']
1258,CCAP258/44,['C14']
1259,CCAP1501/3A,['C68']
1260,CCAP1318/20,['C56']
1261,CCAP1379/5,['C56']
1262,CCAP1318/299,['C56']
1263,CCAP1306/33,['C56']
1264,CCAP1318/135,['C56']
1265,CCAP1571/5,['C109']
1266,CCAP1403/2B,['C18'],Anabaena cylindrica
1267,CCAP979/14,['C47']
1268,CCAP1310/199,['C56']
1269,CCAP276/68,['C14']
1270,CCAP280/1,['C79']
1271,CCAP1404/2,['C17']
1272,CCAP1318/318,['C56']
1273,CCAP202/23,['C79']
1274,CCAP258/52,['C14']
1275,CCAP1140/10,['C59']
1276,CCAP211/116,['C14']
1277,CCAP66/33,['C95']
1278,CCAP1318/102,['C56']
1279,CCAP1602/1,['C45']
1280,CCAP1310/47,['C56']
1281,CCAP258/49,['C14']
1282,CCAP1459/11B,['C40']
1283,CCAP276/21,['C27']
1284,CCAP258/146,['C14']
1285,CCAP24/6,['C14']
1286,CCAP1430/1,['C17']
1287,CCAP917/5,['C59']
1288,CCAP211/74,['C27']
1289,CCAP1318/317,['C56']
1290,CCAP679/3,['C59']
1291,CCAP283/3,['C14']
1292,CCAP1310/198,['C56']
1293,CCAP505/10,['C34']
1294,CCAP1010/25,['C37']
1295,CCAP258/171,['C14']
1296,CCAP1010/15,['C37']
1297,CCAP274/3,['C14']
1298,CCAP258/285,['C14']
1299,CCAP11/26,['C14']
1300,CCAP276/51,['C14']
1301,CCAP202/9,['C79']
1302,CCAP334/1,['C14']
1303,CCAP1310/204,['C56']
1304,CCAP1321/3,['C34']
1305,CCAP258/98,['C14']
1306,CCAP1077/4,['C37']
1307,CCAP1318/172,['C56']
1308,CCAP1318/161,['C56']
1309,CCAP258/96,['C14']
1310,CCAP222/47,['C14']
1311,CCAP19/5,['C34']
1312,CCAP861/1,['C79']
1313,CCAP19/26,['C34']
1314,CCAP258/276,['C14']
1315,CCAP335/3,['C79']
1316,CCAP66/14,['C95']
1317,CCAP24/1C,['C14']
1318,CCAP32/18,['C14']
1319,CCAP277/2,['C14']
1320,CCAP1310/31,['C56']
1321,CCAP276/30,['C14']
1322,CCAP979/15,['C47']
1323,CCAP66/69,['C95']
1324,CCAP1318/385,['C56']
1325,CCAP1318/125,['C56']
1326,CCAP1310/19,['C56']
1327,CCAP1926/2,['C109']
1328,CCAP1318/17,['C56']
1329,CCAP1318/89,['C56']
1330,CCAP258/217,['C14']
1331,CCAP849/10,['C34']
1332,CCAP1675/1,['C6']
1333,CCAP1085/35,['C37']
1334,CCAP211/4,"['C13', 'C14', 'C26', 'C34', 'C79']"
1335,CCAP34/10,['C14']
1336,CCAP5/2,['C14']
1337,CCAP66/19A,['C95']
1338,CCAP1310/124,['C56']
1339,CCAP1915/5,['C63']
1340,CCAP1310/153,['C56']
1341,CCAP470/6,['C14']
1342,CCAP1453/1,['C18']
1343,CCAP1966/1,['C58']
1344,CCAP923/1,['C41']
1345,CCAP1318/377,['C56']
1346,CCAP1411/2,['C17']
1347,CCAP1318/37,['C56']
1348,CCAP222/34,['C14']
1349,CCAP218/3,['C27']
1350,CCAP58/2,['C14']
1351,CCAP1307/1,['C56']
1352,CCAP1518/34,['C68']
1353,CCAP64/3,['C14']
1354,CCAP258/22,['C14']
1355,CCAP1310/290,['C56']
1356,CCAP1318/340,['C56']
1357,CCAP1119/27,['C45']
1358,CCAP1318/354,['C56']
1359,CCAP211/32,['C79']
1360,CCAP6054/2,['C34']
1361,CCAP1318/396,['C56']
1362,CCAP1375/2,['C56']
1363,CCAP11/9,['C14']
1364,CCAP1518/26,['C68']
1365,CCAP1475/1,['C10']
1366,CCAP1954/1,['C12']
1367,CCAP1624/29,['C12']
1368,CCAP1300/1,['C56']
1369,CCAP1382/2,['C13']
1370,CCAP1074/5,['C37']
1371,CCAP12/2C,['C14']
1372,CCAP1359/1,['C4']
1373,CCAP698/2,['C14']
1374,CCAP1318/111,['C56']
1375,CCAP1310/226,['C56']
1376,CCAP24/9,['C14']
1377,CCAP880/2,['C14']
1378,CCAP1310/131,['C56']
1379,CCAP32/9,['C14']
1380,CCAP1318/315,['C56']
1381,CCAP211/50,['C26']
1382,CCAP67/7,['C47']
1383,CCAP1446/4,['C10']
1384,CCAP830/3,['C13']
1385,CCAP3/3A,['C14']
1386,CCAP1353/6,['C34']
1387,CCAP1128/1,['C34']
1388,CCAP1382/1,['C13']
1389,CCAP1360/16,['C13']
1390,CCAP1318/410,['C56']
1391,CCAP1050/15,['C37']
1392,CCAP24/2A,['C14']
1393,CCAP32/10,['C14']
1394,CCAP678/7C,['C14']
1395,CCAP1361/4,['C56']
1396,CCAP1530/1,['C12']
1397,CCAP1960/1,['C34']
1398,CCAP1318/32,['C56']
1399,CCAP1102/4,['C45']
1400,CCAP1310/89,['C56']
1401,CCAP1575/4,['C68']
1402,CCAP217/1B,['C40']
1403,CCAP1310/243,['C56']
1404,CCAP1318/264,['C56']
1405,CCAP1310/166,['C56']
1406,CCAP1070/3,['C25']
1407,CCAP248/7,['C14']
1408,CCAP1453/20,['C18']
1409,CCAP1318/280,['C56']
1410,CCAP217/1C,['C79']
1411,CCAP1261/6,['C41']
1412,CCAP258/176,['C14']
1413,CCAP1077/5,['C37']
1414,CCAP1969/1,['C4']
1415,CCAP1261/9,['C41']
1416,CCAP34/1F,['C14']
1417,CCAP276/1A,['C79']
1418,CCAP1568/1,['C58']
1419,CCAP412/1,['C14']
1420,CCAP1974/1,['C58']
1421,CCAP258/92,['C14']
1422,CCAP274/2,['C14']
1423,CCAP11/11,['C14']
1424,CCAP1453/18,['C18']
1425,CCAP176/3,['C79']
1426,CCAP1310/84,['C56']
1427,CCAP278/2A,['C79']
1428,CCAP1310/52,['C56']
1429,CCAP258/12,['C14']
1430,CCAP1318/126,['C56']
1431,CCAP12/2B,['C14']
1432,CCAP278/3,['C79']
1433,CCAP1318/219,['C56']
1434,CCAP4076/1,['C60']
1435,CCAP1536/1,['C60']
1436,CCAP1602/2,['C45']
1437,CCAP211/31,['C79']
1438,CCAP1318/15,['C56']
1439,CCAP211/86,['C14']
1440,CCAP1385/1,['C56']
1441,CCAP61/3,['C14']
1442,CCAP1589/17,['C60']
1443,CCAP1002/7,['C25']
1444,CCAP204/1,['C14']
1445,CCAP236/1A,['C55']
1446,CCAP66/60,['C95']
1447,CCAP1310/49,['C56']
1448,CCAP1534/3,['C68']
1449,CCAP1318/25,['C56']
1450,CCAP211/19,['C14']
1451,CCAP11/127,['C14']
1452,CCAP1317/2,['C56']
1453,CCAP1427/1,['C17']
1454,CCAP1064/1,['C37']
1455,CCAP11/61A,['C14']
1456,CCAP1501/5,['C68']
1457,CCAP1310/257,['C56']
1458,CCAP1560/2,['C53']
1459,CCAP1224/27,['C41']
1460,CCAP275/2,['C14']
1461,CCAP1318/115,['C56']
1462,CCAP258/82,['C14']
1463,CCAP1310/335,['C56']
1464,CCAP258/272,['C14']
1465,CCAP278/4,['C14']
1466,CCAP1318/387,['C56']
1467,CCAP258/261,['C14']
1468,CCAP1537/8,['C40']
1469,CCAP1318/301,['C56']
1470,CCAP1380/11,['C34']
1471,CCAP1368/3,['C13']
1472,CCAP260/11,['C14']
1473,CCAP1318/323,['C56']
1474,CCAP1310/304,['C56']
1475,CCAP11/150,['C14']
1476,CCAP1452/5,['C10']
1477,CCAP1306/7,['C56']
1478,CCAP1318/31,['C56']
1479,CCAP1211/3,['C41']
1480,CCAP927/1,['C34']
1481,CCAP1516/1,['C71']
1482,CCAP1322/4,['C56']
1483,CCAP234/1,['C95']
1484,CCAP11/158,['C14']
1485,CCAP314/1,['C14']
1486,CCAP1403/11,['C18']
1487,CCAP1318/222,['C56']
1488,CCAP1306/32,['C56']
1489,CCAP1318/3,['C56']
1490,CCAP1310/223,['C56']
1491,CCAP1310/43,['C56']
1492,CCAP1660/2A,['C99']
1493,CCAP1136/19,['C45']
1494,CCAP1503/5,['C68']
1495,CCAP1926/1,['C109']
1496,CCAP1064/3,['C37']
1497,CCAP248/5,['C14']
1498,CCAP1589/7,['C60']
1499,CCAP1310/179,['C56']
1500,CCAP979/52,['C59']
1501,CCAP2571/3,['C63']
1502,CCAP1403/4A,['C17'],Anabaena sp.
1503,CCAP34/7,['C27']
1504,CCAP209/1B,['C79']
1505,CCAP1310/211,['C56']
1506,CCAP849/7,['C95']
1507,CCAP202/4F,['C79']
1508,CCAP1318/29,['C56']
1509,CCAP1318/149,['C56']
1510,CCAP213/11,['C14']
1511,CCAP1117/10,['C59']
1512,CCAP4/1,['C47']
1513,CCAP211/49,['C14']
1514,CCAP1459/42,['C17']
1515,CCAP809/2,['C14']
1516,CCAP1547/11,['C65']
1517,CCAP222/57,['C14']
1518,CCAP222/1A,['C14']
1519,CCAP1616/2,['C58']
1520,CCAP1013/9,['C37']
1521,CCAP258/266,['C14']
1522,CCAP1903/2,['C58']
1523,CCAP11/36B,['C14']
1524,CCAP731/1A,['C14']
1525,CCAP1131/2,['C45']
1526,CCAP1369/2,['C4']
1527,CCAP258/137,['C14']
1528,CCAP835/7,['C14']
1529,CCAP1566/1,['C60']
1530,CCAP19/2,"['C9', 'C34', 'C47']"
1531,CCAP211/5B,['C14']
1532,CCAP1310/160,['C56']
1533,CCAP249/4,['C14']
1534,CCAP1394/3,['C13']
1535,CCAP379/13,['C14']
1536,CCAP1588/1B,['C68']
1537,CCAP181/4,['C14']
1538,CCAP258/26,['C14']
1539,CCAP53/2,['C14']
1540,CCAP211/11A,['C27']
1541,CCAP1010/36,['C37']
1542,CCAP483/2,['C89']
1543,CCAP32/17,['C14']
1544,CCAP414/1,['C14']
1545,CCAP1310/327,['C56']
1546,CCAP1310/343,['C56']
1547,CCAP1318/349,['C56']
1548,CCAP941/3,['C34']
1549,CCAP1318/101,['C56']
1550,CCAP1562/1,['C69']
1551,CCAP1310/12,['C56']
1552,CCAP333/2,['C14']
1553,CCAP258/224,['C14']
1554,CCAP1318/210,['C56']
1555,CCAP1318/107,['C56']
1556,CCAP1318/70,['C56']
1557,CCAP211/13,['C26']
1558,CCAP258/281,['C14']
1559,CCAP379/20,['C79']
1560,CCAP1318/285,['C56']
1561,CCAP66/41,['C95']
1562,CCAP1318/18,['C56']
1563,CCAP379/31,['C14']
1564,CCAP11/143,['C14']
1565,CCAP11/107,['C14']
1566,CCAP216/6,['C79']
1567,CCAP202/11E,['C79']
1568,CCAP612/15,['C14']
1569,CCAP1082/1,['C37']
1570,CCAP11/32C,['C27']
1571,CCAP1593/1,"['C12', 'C71']"
1572,CCAP211/25,['C34']
1573,CCAP1310/281,['C56']
1574,CCAP1318/346,['C56']
1575,CCAP217/7,['C14']
1576,CCAP1310/191,['C56']
1577,CCAP1350/7,['C4']
1578,CCAP860/3,['C14']
1579,CCAP1055/3,['C37']
1580,CCAP1565/2,['C68']
1581,CCAP11/168,['C14']
1582,CCAP1318/389,['C56']
1583,CCAP205/1,['C14']
1584,CCAP218/8,['C14']
1585,CCAP1459/39,['C40']
1586,CCAP1318/1,['C56']
1587,CCAP211/85,['C14']
1588,CCAP1921/2,['C12']
1589,CCAP1310/252,['C56']
1590,CCAP1310/300,['C56']
1591,CCAP1318/291,['C56']
1592,CCAP66/11,['C95']
1593,CCAP698/1B,['C14']
1594,CCAP1330/4,['C56']
1595,CCAP379/42,['C14']
1596,CCAP1310/189,['C56']
1597,CCAP1403/27,['C40']
1598,CCAP211/41,['C79']
1599,CCAP1318/244,['C56']
1600,CCAP1375/5,['C56']
1601,CCAP1388/6,['C56']
1602,CCAP1084/3,['C25']
1603,CCAP1327/1,['C56']
1604,CCAP32/39,['C14']
1605,CCAP211/11D,['C14']
1606,CCAP1002/9,['C25']
1607,CCAP1306/1,['C56']
1608,CCAP1310/338,['C56']
1609,CCAP222/60,['C14']
1610,CCAP1410/9,['C10']
1611,CCAP1318/132,['C56']
1612,CCAP806/3,['C79']
1613,CCAP11/36F,['C14']
1614,CCAP276/62,['C14']
1615,CCAP31/5,['C14']
1616,CCAP200/3,['C14']
1617,CCAP258/172,['C14']
1618,CCAP2502/6,['C63']
1619,CCAP245/1,['C14']
1620,CCAP1310/46,['C56']
1621,CCAP176/7,['C27']
1622,CCAP61/2,['C14']
1623,CCAP1589/2,"['C68', 'C71']"
1624,CCAP1318/24,['C56']
1625,CCAP19/7B,['C34']
1626,CCAP221/9,['C79']
1627,CCAP6005/12,['C47']
1628,CCAP66/35,['C95']
1629,CCAP11/41,['C14']
1630,CCAP927/12,['C34']
1631,CCAP276/3B,['C79']
1632,CCAP32/28,['C14']
1633,CCAP202/4G,['C79']
1634,CCAP211/82,['C14']
1635,CCAP276/57,['C14']
1636,CCAP1310/205,['C56']
1637,CCAP1010/11,['C37']
1638,CCAP11/55A,['C14']
1639,CCAP11/159,['C14']
1640,CCAP258/8,['C14']
1641,CCAP936/1,['C12']
1642,CCAP364/1,['C4']
1643,CCAP1079/4,['C25']
1644,CCAP379/21,['C79']
1645,CCAP1318/106,['C56']
1646,CCAP258/56,['C14']
1647,CCAP1310/32,['C56']
1648,CCAP1052/23,['C25']
1649,CCAP1330/6,['C56']
1650,CCAP1119/51,['C45']
1651,CCAP1318/242,['C56']
1652,CCAP1318/143,['C56']
1653,CCAP258/242,['C14']
1654,CCAP1552/5,['C58']
1655,CCAP1446/1C,['C18']
1656,CCAP1310/66,['C56']
1657,CCAP215/1,['C14']
1658,CCAP1318/236,['C56']
1659,CCAP32/4,['C14']
1660,CCAP181/3,['C14']
1661,CCAP1318/339,['C56']
1662,CCAP221/3,['C14']
1663,CCAP1204/9,['C99']
1664,CCAP19/3,"['C2', 'C9', 'C34', 'C47']"
1665,CCAP1589/16,['C60']
1666,CCAP1900/2,['C12']
1667,CCAP1393/4,['C56']
1668,CCAP66/12,['C95']
1669,CCAP1350/3,['C4']
1670,CCAP1023/10,['C37']
1671,CCAP1310/192,['C56']
1672,CCAP1900/1,['C12']
1673,CCAP1537/7,['C76']
1674,CCAP679/6,['C59']
1675,CCAP379/26,['C14']
1676,CCAP1139/3,['C59']
1677,CCAP1383/1,['C56']
1678,CCAP211/92,['C14']
1679,CCAP1479/7,"['C10', 'C17']"
1680,CCAP258/134,['C14']
1681,CCAP612/20,['C14']
1682,CCAP1306/44,['C56']
1683,CCAP1630/1Q,['C81']
1684,CCAP1318/206,['C56']
1685,CCAP1624/12,['C12']
1686,CCAP1320/1,['C56']
1687,CCAP1310/219,['C56']
1688,CCAP1061/46,['C37']
1689,CCAP1318/36,['C56']
1690,CCAP1318/409,['C56']
1691,CCAP979/9,['C47']
1692,CCAP1353/5,['C4']
1693,CCAP1310/145,['C56']
1694,CCAP32/41,['C14']
1695,CCAP190/1,['C34']
1696,CCAP258/275,['C14']
1697,CCAP258/87,['C14']
1698,CCAP836/3,['C14']
1699,CCAP233/3,['C47']
1700,CCAP248/6,['C14']
1701,CCAP934/6,['C35']
1702,CCAP340/1,['C14']
1703,CCAP1365/3,['C4']
1704,CCAP258/14,['C14']
1705,CCAP1310/104,['C56']
1706,CCAP1957/6,['C63']
1707,CCAP1318/228,['C56']
1708,CCAP1224/4E,['C41']
1709,CCAP1009/3,['C37']
1710,CCAP1010/51,['C37']
1711,CCAP11/76,['C14']
1712,CCAP202/10E,['C79']
1713,CCAP1129/1,['C44']
1714,CCAP202/3A,['C79']
1715,CCAP1318/224,['C56']
1716,CCAP1310/293,['C56']
1717,CCAP1010/12,['C37']
1718,CCAP20/1,['C14']
1719,CCAP1047/1,['C37']
1720,CCAP462/1,['C79']
1721,CCAP464/1,['C14']
1722,CCAP1310/133,['C56']
1723,CCAP927/19,['C34']
1724,CCAP6055/1,['C14']
1725,CCAP1470/3,['C17']
1726,CCAP34/14,['C14']
1727,CCAP1125/4,['C45']
1728,CCAP1318/266,['C56']
1729,CCAP66/63,['C95']
1730,CCAP176/5,['C14']
1731,CCAP1379/1,['C4']
1732,CCAP258/139,['C14']
1733,CCAP1133/4,['C5']
1734,CCAP1310/92,['C56']
1735,CCAP1310/224,['C56']
1736,CCAP2502/2,['C63']
1737,CCAP944/2,['C34']
1738,CCAP19/23,['C9']
1739,CCAP1318/221,['C56']
1740,CCAP216/2,['C14']
1741,CCAP1976/2,['C63']
1742,CCAP1462/11,['C17']
1743,CCAP1311/1,['C56']
1744,CCAP1518/27,['C68']
1745,CCAP1119/55,['C45']
1746,CCAP163/1A,['C95']
1747,CCAP34/11,['C14']
1748,CCAP211/8K,['C14']
1749,CCAP379/19,['C79']
1750,CCAP1318/215,['C56']
1751,CCAP944/6,['C34']
1752,CCAP1534/9,['C60']
1753,CCAP66/19B,['C95']
1754,CCAP1318/88,['C56']
1755,CCAP1318/163,['C56']
1756,CCAP1013/11,['C37']
1757,CCAP379/30,['C14']
1758,CCAP258/144,['C14']
1759,CCAP1310/249,['C56']
1760,CCAP11/31,['C14']
1761,CCAP211/60,['C14']
1762,CCAP1614/2,['C99']
1763,CCAP291/2,['C59']
1764,CCAP1310/129,['C56']
1765,CCAP813/2,['C14']
1766,CCAP1085/12,['C37']
1767,CCAP66/21B,['C95']
1768,CCAP33/1,['C14']
1769,CCAP11/64B,['C14']
1770,CCAP258/1,['C14']
1771,CCAP1439/1,['C17']
1772,CCAP260/13,['C14']
1773,CCAP1318/279,['C56']
1774,CCAP1318/131,['C56']
1775,CCAP1350/2,['C4']
1776,CCAP1136/23,['C45']
1777,CCAP1614/3,['C99']
1778,CCAP19/8,['C34']
1779,CCAP216/27,['C14']
1780,CCAP1318/292,['C56']
1781,CCAP1902/2,['C12']
1782,CCAP1976/7,['C63']
1783,CCAP1318/331,['C56']
1784,CCAP1310/317,['C56']
1785,CCAP1318/160,['C56']
1786,CCAP1055/1,['C37']
1787,CCAP276/9,['C79']
1788,CCAP216/16,['C79']
1789,CCAP1459/17,['C17']
1790,CCAP1110/6,['C45']
1791,CCAP11/56B,['C14']
1792,CCAP1318/260,['C56']
1793,CCAP80/2,['C47']
1794,CCAP1029/8,['C25']
1795,CCAP1318/225,['C56']
1796,CCAP1119/35,['C45']
1797,CCAP1318/263,['C56']
1798,CCAP1361/13,['C56']
1799,CCAP276/5,['C14']
1800,CCAP1310/207,['C56']
1801,CCAP1459/3,"['C17', 'C40']"
1802,CCAP1250/9,['C63']
1803,CCAP1318/80,['C56']
1804,CCAP961/4,['C34']
1805,CCAP1356/4,['C34']
1806,CCAP258/39,['C14']
1807,CCAP1590/3,['C60']
1808,CCAP1613/3,['C59']
1809,CCAP1318/28,['C56']
1810,CCAP276/53,['C14']
1811,CCAP258/27,['C14']
1812,CCAP1310/311,['C56']
1813,CCAP379/1C,['C79']
1814,CCAP465/1,['C14']
1815,CCAP921/1,['C41']
1816,CCAP1310/195,['C56']
1817,CCAP1310/154,['C56']
1818,CCAP1318/415,['C56']
1819,CCAP1524/1,['C40']
1820,CCAP1029/29,['C37']
1821,CCAP1310/258,['C56']
1822,CCAP32/15,['C14']
1823,CCAP1310/228,['C56']
1824,CCAP612/17,['C59']
1825,CCAP1575/3,['C68']
1826,CCAP3/4,['C14']
1827,CCAP6040/1,"['C34', 'C56', 'C70']"
1828,CCAP245/2,['C14']
1829,CCAP1310/73,['C56']
1830,CCAP1976/5,['C63']
1831,CCAP1318/255,['C56']
1832,CCAP979/63,['C59']
1833,CCAP32/37,['C14']
1834,CCAP1559/3,['C68']
1835,CCAP1010/43,['C37']
1836,CCAP1322/3,['C56']
1837,CCAP483/4,['C89']
1838,CCAP202/11B,['C79']
1839,CCAP265/2,['C79']
1840,CCAP1310/261,['C56']
1841,CCAP222/69,['C14']
1842,CCAP1029/20,['C25']
1843,CCAP1318/284,['C56']
1844,CCAP1310/15,['C56']
1845,CCAP1216/3A,['C99']
1846,CCAP1450/1,"['C17', 'C40']"
1847,CCAP211/39,['C79']
1848,CCAP45/2,['C14']
1849,CCAP1072/1,['C37']
1850,CCAP979/8,['C47']
1851,CCAP1310/25,['C56']
1852,CCAP211/7C,['C40']
1853,CCAP1224/5Y,['C26']
1854,CCAP1306/34,['C56']
1855,CCAP1630/3C,['C81']
1856,CCAP678/3,['C14']
1857,CCAP202/10H,['C27']
1858,CCAP1119/30,['C45']
1859,CCAP1310/26,['C56']
1860,CCAP960/1C,['C59']
1861,CCAP11/110,['C14']
1862,CCAP1650/4,['C17']
1863,CCAP1259/1,['C12']
1864,CCAP1450/10,['C17']
1865,CCAP11/57,['C14']
1866,CCAP222/9,['C14']
1867,CCAP1478/1,['C40']
1868,CCAP1630/7A,['C81']
1869,CCAP1630/8A,['C81']
1870,CCAP1271/5,['C99']
1871,CCAP211/91,['C14']
1872,CCAP1052/18,['C37']
1873,CCAP219/6,['C79']
1874,CCAP1118/2,['C45']
1875,CCAP1318/166,['C56']
1876,CCAP335/16,['C14']
1877,CCAP477/24,['C14']
1878,CCAP1102/2,['C45']
1879,CCAP1909/1,['C58']
1880,CCAP66/83,['C34']
1881,CCAP1318/388,['C56']
1882,CCAP1318/239,['C56']
1883,CCAP612/7,['C14']
1884,CCAP1306/13,['C56']
1885,CCAP978/27,['C4']
1886,CCAP11/86A,['C95']
1887,CCAP1318/355,['C56']
1888,CCAP1459/41,['C17']
1889,CCAP1306/5,['C56']
1890,CCAP66/55,['C95']
1891,CCAP1318/202,['C56']
1892,CCAP1401/3,['C18'],Aphanizomenon klebahnii
1893,CCAP1589/11,['C60']
1894,CCAP1310/209,['C56']
1895,CCAP19/10,['C9']
1896,CCAP1061/44,['C37']
1897,CCAP379/3,"['C4', 'C14', 'C34']"
1898,CCAP258/230,['C14']
1899,CCAP222/58,['C14']
1900,CCAP403/1,['C14']
1901,CCAP1479/14,['C17']
1902,CCAP211/100,['C14']
1903,CCAP1075/1,['C37']
1904,CCAP1140/5,['C59']
1905,CCAP1974/3,['C58']
1906,CCAP379/15,['C79']
1907,CCAP11/97,['C14']
1908,CCAP961/5,['C34']
1909,CCAP211/109,['C14']
1910,CCAP273/1,['C14']
1911,CCAP202/25,['C26']
1912,CCAP1430/3,['C17']
1913,CCAP1369/5,['C56']
1914,CCAP221/1,['C79']
1915,CCAP2502/3,['C63']
1916,CCAP887/2A,['C79']
1917,CCAP1318/281,['C56']
1918,CCAP979/62,['C59']
1919,CCAP1450/14,['C17']
1920,CCAP11/157,['C14']
1921,CCAP1077/3,['C37']
1922,CCAP1310/324,['C56']
1923,CCAP1045/1,['C37']
1924,CCAP1010/47,['C37']
1925,CCAP1318/100,['C56']
1926,CCAP1411/1B,['C40']
1927,CCAP258/41,['C14']
1928,CCAP979/68,['C59']
1929,CCAP466/1,['C14']
1930,CCAP1910/6,['C58']
1931,CCAP1318/322,['C56']
1932,CCAP1325/2,['C56']
1933,CCAP1589/21,['C68']
1934,CCAP1534/8,['C68']
1935,CCAP1350/1,"['C4', 'C56']"
1936,CCAP1085/37,['C37']
1937,CCAP216/1,"['C14', 'C79']"
1938,CCAP211/7D,['C27']
1939,CCAP1119/29,['C45']
1940,CCAP1547/1,"['C61', 'C65', 'C67', 'C68']"
1941,CCAP66/4,"['C34', 'C47', 'C95']"
1942,CCAP1310/72,['C56']
1943,CCAP1452/6,['C10']
1944,CCAP1121/5,['C45']
1945,CCAP1306/31,['C56']
1946,CCAP1534/12,['C68']
1947,CCAP1318/99,['C56']
1948,CCAP211/83,['C14']
1949,CCAP276/45,['C14']
1950,CCAP1344/2,['C56']
1951,CCAP1318/201,['C56']
1952,CCAP19/44,['C34']
1953,CCAP1613/2,['C99']
1954,CCAP1318/332,['C56']
1955,CCAP1482/2,['C17']
1956,CCAP1310/9,['C56']
1957,CCAP1479/22,['C10']
1958,CCAP961/8,['C34']
1959,CCAP1224/33,['C41']
1960,CCAP912/1,['C34']
1961,CCAP1310/4,['C56']
1962,CCAP248/10,['C14']
1963,CCAP1599/2,['C63']
1964,CCAP1589/14,['C60']
1965,CCAP161/1B,['C95']
1966,CCAP1349/1,['C56']
1967,CCAP849/9,['C34']
1968,CCAP1318/407,['C56']
1969,CCAP202/10D,['C79']
1970,CCAP1318/233,['C56']
1971,CCAP218/9,['C14']
1972,CCAP1310/56,['C56']
1973,CCAP1318/403,['C56']
1974,CCAP1017/14,['C37']
1975,CCAP1318/84,['C56']
1976,CCAP258/218,['C14']
1977,CCAP379/10,['C79']
1978,CCAP410/2,['C14']
1979,CCAP1630/1M,['C81']
1980,CCAP1547/10,['C67']
1981,CCAP1318/165,['C56']
1982,CCAP258/48,['C14']
1983,CCAP417/1,['C14']
1984,CCAP1403/2A,['C18'],Anabaena cylindrica
1985,CCAP202/14B,['C79']
1986,CCAP258/103,['C14']
1987,CCAP1357/8,['C56']
1988,CCAP1310/144,['C56']
1989,CCAP1966/3,['C58']
1990,CCAP1310/299,['C56']
1991,CCAP1310/149,['C56']
1992,CCAP2550/1,['C72']
1993,CCAP1387/1,['C56']
1994,CCAP1306/36,['C56']
1995,CCAP1318/199,['C56']
1996,CCAP1306/19,['C56']
1997,CCAP222/6,['C14']
1998,CCAP1010/38,['C37']
1999,CCAP202/8B,['C79']
2000,CCAP1379/3,['C56']
2001,CCAP1453/32,['C18']
2002,CCAP11/64A,['C14']
2003,CCAP1357/6,['C56']
2004,CCAP1318/85,['C56']
2005,CCAP1956/1,['C58']
2006,CCAP12/3,['C14']
2007,CCAP260/3,['C14']
2008,CCAP1470/2,['C17']
2009,CCAP53/3,['C14']
2010,CCAP276/18,['C40']
2011,CCAP1310/247,['C56']
2012,CCAP6006/2,['C47']
2013,CCAP379/8,['C79']
2014,CCAP1310/270,['C56']
2015,CCAP32/13,['C14']
2016,CCAP34/3,['C14']
2017,CCAP1310/253,['C56']
2018,CCAP1589/19,['C71']
2019,CCAP961/3,['C34']
2020,CCAP1310/280,['C56']
2021,CCAP812/2B,"['C14', 'C40']"
2022,CCAP202/10G,['C27']
2023,CCAP947/1A,['C56']
2024,CCAP1310/308,['C56']
2025,CCAP11/133,['C1']
2026,CCAP9/1,['C13']
2027,CCAP918/1,['C47']
2028,CCAP1310/142,['C56']
2029,CCAP211/11H,['C27']
2030,CCAP1318/226,['C56']
2031,CCAP979/46,['C59']
2032,CCAP1310/116,['C56']
2033,CCAP822/3,['C14']
2034,CCAP1537/11,['C63']
2035,CCAP455/1,['C34']
2036,CCAP1318/81,['C56']
2037,CCAP202/7E,['C79']
2038,CCAP1310/269,['C56']
2039,CCAP1360/15,['C4']
2040,CCAP163/3,['C95']
2041,CCAP1328/1,['C56']
2042,CCAP483/1,['C41']
2043,CCAP19/39,['C47']
2044,CCAP745/6,['C14']
2045,CCAP1390/3,['C4']
2046,CCAP269/1,['C14']
2047,CCAP258/158,['C14']
2048,CCAP258/95,['C14']
2049,CCAP1119/17,['C45']
2050,CCAP1310/294,['C56']
2051,CCAP955/1,['C63']
2052,CCAP67/15,['C4']
2053,CCAP1399/1,['C34']
2054,CCAP1318/312,['C56']
2055,CCAP181/5,['C14']
2056,CCAP1063/1,['C37']
2057,CCAP32/5,['C14']
2058,CCAP1310/120,['C56']
2059,CCAP1023/7,['C37']
2060,CCAP1318/333,['C56']
2061,CCAP274/1,['C79']
2062,CCAP379/38,['C34']
2063,CCAP276/37,['C14']
2064,CCAP1960/3,['C34']
2065,CCAP258/259,['C14']
2066,CCAP105/1,['C45']
2067,CCAP1565/3,['C68']
2068,CCAP1453/3,['C18']
2069,CCAP1102/3,['C45']
2070,CCAP1957/11,['C63']
2071,CCAP1116/3,['C45']
2072,CCAP1318/216,['C56']
2073,CCAP1010/27,['C37']
2074,CCAP217/3,['C40']
2075,CCAP1534/16,['C68']
2076,CCAP1453/16,['C18']
2077,CCAP1119/50,['C45']
2078,CCAP1204/15,['C99']
2079,CCAP1085/6,['C37']
2080,CCAP1318/235,['C56']
2081,CCAP1310/265,['C56']
2082,CCAP258/177,['C14']
2083,CCAP278/2E,['C79']
2084,CCAP1318/2,['C56']
2085,CCAP213/9,['C14']
2086,CCAP11/36E,['C14']
2087,CCAP1000/2,['C37']
2088,CCAP276/54,['C14']
2089,CCAP1921/1,['C12']
2090,CCAP1310/251,['C56']
2091,CCAP222/65,['C14']
2092,CCAP1537/9,['C12']
2093,CCAP1479/11,['C17']
2094,CCAP931/2,['C34']
2095,CCAP1660/20,['C92']
2096,CCAP1310/41,['C56']
2097,CCAP935/16,['C58']
2098,CCAP1318/290,['C56']
2099,CCAP216/22,['C14']
2100,CCAP276/14,['C27']
2101,CCAP612/1A,['C14']
2102,CCAP258/53,['C14']
2103,CCAP1310/126,['C56']
2104,CCAP1321/1,['C56']
2105,CCAP1318/117,['C56']
2106,CCAP11/32B,['C14']
2107,CCAP19/14,['C9']
2108,CCAP202/11A,['C79']
2109,CCAP211/8G,['C79']
2110,CCAP1318/83,['C56']
2111,CCAP1119/9,['C45']
2112,CCAP66/13,['C95']
2113,CCAP979/29,['C59']
2114,CCAP11/131,['C14']
2115,CCAP1121/2,['C45']
2116,CCAP1310/165,['C56']
2117,CCAP258/75,['C14']
2118,CCAP258/199,['C14']
2119,CCAP1318/87,['C56']
2120,CCAP1966/2,['C58']
2121,CCAP258/257,['C14']
2122,CCAP679/14,['C59']
2123,CCAP1310/181,['C56']
2124,CCAP211/78,['C34']
2125,CCAP11/166,['C14']
2126,CCAP1054/1,['C37']
2127,CCAP249/3,['C14']
2128,CCAP1318/294,['C56']
2129,CCAP258/72,['C14']
2130,CCAP612/19,['C14']
2131,CCAP835/9,['C79']
2132,CCAP1001/3,['C37']
2133,CCAP335/1B,['C14']
2134,CCAP979/58,['C59']
2135,CCAP11/128,['C14']
2136,CCAP1976/6,['C63']
2137,CCAP6054/1,['C34']
2138,CCAP181/2,['C14']
2139,CCAP348/1,['C14']
2140,CCAP211/53,['C95']
2141,CCAP1318/27,['C56']
2142,CCAP706/1,['C34']
2143,CCAP379/35,['C34']
2144,CCAP1318/148,['C56']
2145,CCAP1518/35,['C68']
2146,CCAP222/66,['C14']
2147,CCAP1314/5,['C56']
2148,CCAP11/165,['C14']
2149,CCAP1139/2,['C59']
2150,CCAP261/5,['C59']
2151,CCAP1250/7,['C63']
2152,CCAP1318/196,['C56']
2153,CCAP1001/2,['C37']
2154,CCAP1318/257,['C56']
2155,CCAP1607/1,['C92']
2156,CCAP217/4,['C79']
2157,CCAP1318/42,['C56']
2158,CCAP1318/352,['C56']
2159,CCAP1081/7,['C25']
2160,CCAP1585/2,['C61']
2161,CCAP1356/2,['C4']
2162,CCAP1318/289,['C56']
2163,CCAP1318/139,['C56']
2164,CCAP1075/3,['C37']
2165,CCAP1342/1,['C56']
2166,CCAP1102/6,['C45']
2167,CCAP1318/108,['C56']
2168,CCAP12/8,['C14']
2169,CCAP61/1,['C14']
2170,CCAP1588/3F,['C68']
2171,CCAP216/3C,['C79']
2172,CCAP1380/9,['C47']
2173,CCAP1119/53,['C45']
2174,CCAP1310/44,['C56']
2175,CCAP1318/326,['C56']
2176,CCAP276/4B,['C14']
2177,CCAP211/8A,['C14']
2178,CCAP416/1,['C79']
2179,CCAP222/14,['C14']
2180,CCAP1310/215,['C56']
2181,CCAP8/4,['C14']
2182,CCAP258/165,['C14']
2183,CCAP276/6B,['C27']
2184,CCAP1360/12,['C4']
2185,CCAP1085/18,['C37']
2186,CCAP348/2,['C14']
2187,CCAP202/11F,['C79']
2188,CCAP6081/1,['C56']
2189,CCAP1080/12,['C25']
2190,CCAP1318/343,['C56']
2191,CCAP931/7,['C34']
2192,CCAP1310/328,['C56']
2193,CCAP1310/61,['C56']
2194,CCAP1125/5,['C45']
2195,CCAP1361/9,['C56']
2196,CCAP1350/4,['C4']
2197,CCAP1375/4,['C56']
2198,CCAP258/182,['C14']
2199,CCAP1310/233,['C56']
2200,CCAP1318/93,['C56']
2201,CCAP1224/35,['C41']
2202,CCAP1318/265,['C56']
2203,CCAP1965/4,['C47']
2204,CCAP32/22,['C14']
2205,CCAP32/7,['C14']
2206,CCAP202/4B,['C79']
2207,CCAP58/3,['C14']
2208,CCAP1310/271,['C56']
2209,CCAP1365/1,['C4']
2210,CCAP679/7,['C59']
2211,CCAP1310/170,['C56']
2212,CCAP1318/208,['C56']
2213,CCAP1318/213,['C56']
2214,CCAP887/4,['C27']
2215,CCAP1346/1,['C56']
2216,CCAP1361/3,['C56']
2217,CCAP258/7,['C14']
2218,CCAP66/16,['C95']
2219,CCAP1957/3,['C58']
2220,CCAP1310/206,['C56']
2221,CCAP1017/2,['C37']
2222,CCAP211/35,['C79']
2223,CCAP1140/6,['C59']
2224,CCAP67/9,['C47']
2225,CCAP1050/10,['C37']
2226,CCAP1330/9,['C56']
2227,CCAP1518/2,['C68']
2228,CCAP66/40,['C95']
2229,CCAP211/21A,['C95']
2230,CCAP258/211,['C14']
2231,CCAP261/20,['C14']
2232,CCAP211/88,['C14']
2233,CCAP1306/15,['C56']
2234,CCAP935/18,['C58']
2235,CCAP216/20,['C14']
2236,CCAP1310/135,['C56']
2237,CCAP1318/341,['C56']
2238,CCAP1310/53,['C56']
2239,CCAP1310/230,['C56']
2240,CCAP1318/77,['C56']
2241,CCAP1403/30,['C18']
2242,CCAP934/7,['C35']
2243,CCAP216/8,['C79']
2244,CCAP1330/2,['C56']
2245,CCAP1470/4,['C17']
2246,CCAP260/2,['C14']
2247,CCAP977/2A,['C23']
2248,CCAP258/213,['C14']
2249,CCAP1022/1,['C37']
2250,CCAP211/103,['C14']
2251,CCAP260/8,['C14']
2252,CCAP211/101,['C14']
2253,CCAP1318/129,['C56']
2254,CCAP1070/2,['C37']
2255,CCAP1957/8,['C63']
2256,CCAP1029/32,['C25']
2257,CCAP202/11D,['C27']
2258,CCAP1301/2,['C56']
2259,CCAP1318/122,['C56']
2260,CCAP1310/59,['C56']
2261,CCAP1343/4,['C56']
2262,CCAP222/7,['C14']
2263,CCAP1310/87,['C56']
2264,CCAP1310/50,['C56']
2265,CCAP1318/253,['C56']
2266,CCAP1389/1,['C56']
2267,CCAP1318/274,['C56']
2268,CCAP211/14,['C14']
2269,CCAP860/7,['C14']
2270,CCAP379/11,['C79']
2271,CCAP1915/2,['C63']
2272,CCAP1343/1,['C56']
2273,CCAP11/77,['C14']
2274,CCAP1010/48,['C37']
2275,CCAP202/10F,['C79']
2276,CCAP961/2,['C34']
2277,CCAP1310/266,['C56']
2278,CCAP19/33,['C34']
2279,CCAP1310/202,['C56']
2280,CCAP276/27,['C14']
2281,CCAP612/13,['C14']
2282,CCAP1136/20,['C45']
2283,CCAP1310/337,['C56']
2284,CCAP1318/262,['C56']
2285,CCAP258/269,['C14']
2286,CCAP932/1,['C34']
2287,CCAP1027/1,['C37']
2288,CCAP637/2,['C59']
2289,CCAP276/41,['C14']
2290,CCAP211/17,['C27']
2291,CCAP1306/9,['C56']
2292,CCAP1394/4,['C13']
2293,CCAP11/142,['C14']
2294,CCAP11/95,['C14']
2295,CCAP1310/11,['C56']
2296,CCAP63/1,['C99']
2297,CCAP1374/1,['C34']
2298,CCAP1613/12,['C59']
2299,CCAP211/114,['C14']
2300,CCAP258/243,['C14']
2301,CCAP1310/238,['C56']
2302,CCAP258/299,['C14']
2303,CCAP1318/156,['C56']
2304,CCAP1224/15D,['C41']
2305,CCAP251/1A,['C79']
2306,CCAP1318/94,['C56']
2307,CCAP66/49,['C95']
2308,CCAP470/2A,['C79']
2309,CCAP67/25,['C35']
2310,CCAP1009/4,['C37']
2311,CCAP1615/2,['C99']
2312,CCAP66/46,['C34']
2313,CCAP1250/4,['C63']
2314,CCAP1060/9,['C37']
2315,CCAP1119/26,['C45']
2316,CCAP11/56A,['C14']
2317,CCAP258/97,['C14']
2318,CCAP211/36,['C79']
2319,CCAP202/2,"['C14', 'C26', 'C79']"
2320,CCAP1318/200,['C56']
2321,CCAP6004/1,['C56']
2322,CCAP11/164,['C14']
2323,CCAP1310/241,['C56']
2324,CCAP1419/1,['C17']
2325,CCAP1459/13,['C10']
2326,CCAP202/13,['C79']
2327,CCAP1318/194,['C56']
2328,CCAP1437/1,['C17']
2329,CCAP1613/9,['C59']
2330,CCAP1318/276,['C56']
2331,CCAP1306/45,['C56']
2332,CCAP612/16,['C14']
2333,CCAP1547/12,['C61']
2334,CCAP1318/230,['C56']
2335,CCAP1404/1,['C17']
2336,CCAP1310/188,['C56']
2337,CCAP1518/32,['C68']
2338,CCAP66/24,['C95']
2339,CCAP276/4A,['C27']
2340,CCAP1333/1,['C56']
2341,CCAP1318/296,['C56']
2342,CCAP222/21,['C14']
2343,CCAP1501/18,['C80']
2344,CCAP66/15,['C95']
2345,CCAP32/23,['C14']
2346,CCAP1613/7,['C59']
2347,CCAP379/1E,['C27']
2348,CCAP1393/5,['C56']
2349,CCAP66/45,['C95']
2350,CCAP1310/178,['C56']
2351,CCAP1903/1,['C5']
2352,CCAP222/33,['C14']
2353,CCAP258/45,['C14']
2354,CCAP1212/1,['C41']
2355,CCAP11/162,['C14']
2356,CCAP1250/8,['C63']
2357,CCAP258/263,['C14']
2358,CCAP258/216,['C14']
2359,CCAP2511/1,['C63']
2360,CCAP258/225,['C14']
2361,CCAP1360/13,['C4']
2362,CCAP3010/1,['C68']
2363,CCAP1005/25,['C25']
2364,CCAP4018/3,['C56']
2365,CCAP1318/109,['C56']
2366,CCAP1360/5,['C4']
2367,CCAP66/47,['C95']
2368,CCAP1085/3,['C37']
2369,CCAP211/23,['C27']
2370,CCAP1314/3,['C56']
2371,CCAP1250/1,"['C63', 'C72']"
2372,CCAP1453/11,['C18']
2373,CCAP880/6,['C14']
2374,CCAP1133/5,['C34']
2375,CCAP1050/16,['C37']
2376,CCAP19/31,['C47']
2377,CCAP1318/382,['C56']
2378,CCAP1318/302,['C56']
2379,CCAP258/117,['C14']
2380,CCAP1318/10,['C56']
2381,CCAP11/47,['C14']
2382,CCAP279/1,['C14']
2383,CCAP1310/312,['C56']
2384,CCAP1318/9,['C56']
2385,CCAP258/164,['C14']
2386,CCAP1310/42,['C56']
2387,CCAP1329/2,['C56']
2388,CCAP1630/4A,['C81']
2389,CCAP1615/3,['C99']
2390,CCAP258/283,['C14']
2391,CCAP1318/71,['C56']
2392,CCAP1318/298,['C56']
2393,CCAP1480/4,['C17']
2394,CCAP176/1,['C79']
2395,CCAP222/48,['C14']
2396,CCAP1506/1,['C68']
2397,CCAP19/7A,['C34']
2398,CCAP1403/17,['C18']
2399,CCAP1318/30,['C56']
2400,CCAP1318/90,['C56']
2401,CCAP1351/2,['C4']
2402,CCAP1310/176,['C56']
2403,CCAP1330/3,['C56']
2404,CCAP202/7A,['C79']
2405,CCAP1318/158,['C56']
2406,CCAP1475/3,['C10']
2407,CCAP805/5,['C79']
2408,CCAP211/54,['C14']
2409,CCAP1318/314,['C56']
2410,CCAP1310/291,['C56']
2411,CCAP62/2A,['C78']
2412,CCAP3047/2,['C68']
2413,CCAP258/284,['C14']
2414,CCAP11/69,['C14']
2415,CCAP202/21,['C79']
2416,CCAP1318/423,['C56']
2417,CCAP1630/1N,['C81']
2418,CCAP1318/248,['C56']
2419,CCAP1318/116,['C56']
2420,CCAP1052/1B,['C37']
2421,CCAP1403/13B,['C40']
2422,CCAP1335/1,['C56']
2423,CCAP211/12,['C14']
2424,CCAP6006/4,['C34']
2425,CCAP1318/405,['C56']
2426,CCAP428/2,['C14']
2427,CCAP386/3,['C14']
2428,CCAP1310/51,['C56']
2429,CCAP1310/330,['C56']
2430,CCAP254/1,['C14']
2431,CCAP11/10,['C14']
2432,CCAP1318/348,['C56']
2433,CCAP978/6B,['C47']
2434,CCAP935/13,['C12']
2435,CCAP1318/330,['C56']
2436,CCAP220/1,['C14']
2437,CCAP211/76,['C95']
2438,CCAP1318/309,['C56']
2439,CCAP445/1,['C14']
2440,CCAP648/1,['C14']
2441,CCAP1052/25,['C25']
2442,CCAP979/28,['C59']
2443,CCAP463/1,['C14']
2444,CCAP1318/121,['C56']
2445,CCAP1119/37,['C45']
2446,CCAP258/83,['C14']
2447,CCAP1318/336,['C56']
2448,CCAP1310/193,['C56']
2449,CCAP258/254,['C14']
2450,CCAP211/11M,['C79']
2451,CCAP1360/7,['C4']
2452,CCAP222/59,['C14']
2453,CCAP276/46,['C14']
2454,CCAP243/4,['C14']
2455,CCAP1318/169,['C56']
2456,CCAP1310/250,['C56']
2457,CCAP470/3,['C14']
2458,CCAP2502/1,['C63']
2459,CCAP1581/1,['C68']
2460,CCAP211/84,['C27']
2461,CCAP216/3A,['C79']
2462,CCAP1350/8,['C4']
2463,CCAP911/1,['C41']
2464,CCAP1908/1,['C12']
2465,CCAP637/1,['C14']
2466,CCAP1318/378,['C56']
2467,CCAP1318/350,['C56']
2468,CCAP1310/76,['C56']
2469,CCAP258/89,['C14']
2470,CCAP66/1D,['C95']
2471,CCAP1386/1,['C56']
2472,CCAP1310/287,['C56']
2473,CCAP979/64,['C59']
2474,CCAP276/36,['C14']
2475,CCAP1140/4,['C59']
2476,CCAP1310/68,['C56']
2477,CCAP379/37,['C34']
2478,CCAP379/17,['C79']
2479,CCAP1310/100,['C56']
2480,CCAP1318/218,['C56']
2481,CCAP1450/8,['C17']
2482,CCAP1318/118,['C56']
2483,CCAP880/1,['C14']
2484,CCAP1136/9,['C45']
2485,CCAP1224/31,['C41']
2486,CCAP258/246,['C14']
2487,CCAP261/21,['C59']
2488,CCAP219/7,['C79']
2489,CCAP258/17,['C14']
2490,CCAP1353/4,['C4']
2491,CCAP1318/205,['C56']
2492,CCAP258/112,['C14']
2493,CCAP1310/296,['C56']
2494,CCAP256/1,['C27']
2495,CCAP278/2C,['C79']
2496,CCAP1310/138,['C56']
2497,CCAP1136/17,['C45']
2498,CCAP258/264,['C14']
2499,CCAP1565/11,['C60']
2500,CCAP1010/46,['C37']
2501,CCAP1318/217,['C56']
2502,CCAP1518/19,['C68']
2503,CCAP1318/245,['C56']
2504,CCAP216/7,['C79']
2505,CCAP1660/17,['C92']
2506,CCAP11/32CW15+,['C27']
2507,CCAP1318/13,['C56']
2508,CCAP258/74,['C14']
2509,CCAP1318/337,['C56']
2510,CCAP1965/3B,['C14']
2511,CCAP211/119,['C14']
2512,CCAP1310/169,['C56']
2513,CCAP612/2,['C14']
2514,CCAP1022/6,['C37']
2515,CCAP258/115,['C14']
2516,CCAP1318/12,['C56']
2517,CCAP1481/1,['C17']
2518,CCAP1119/6,['C45']
2519,CCAP11/156,['C14']
2520,CCAP1310/90,['C56']
2521,CCAP1422/1,['C17']
2522,CCAP211/111,['C14']
2523,CCAP822/2,['C40']
2524,CCAP1310/60,['C56']
2525,CCAP1261/4B,['C41']
2526,CCAP276/50,['C14']
2527,CCAP1318/383,['C56']
2528,CCAP1318/5,['C56']
2529,CCAP650/1,['C14']
2530,CCAP1029/30,['C37']
2531,CCAP1318/351,['C56']
2532,CCAP11/36C,['C14']
2533,CCAP261/6,['C17']
2534,CCAP1310/79,['C56']
2535,CCAP1534/7A,['C68']
2536,CCAP181/1A,['C14']
2537,CCAP836/5,['C14']
2538,CCAP11/82,['C14']
2539,CCAP1318/114,['C56']
2540,CCAP32/8,['C14']
2541,CCAP1518/33,['C68']
2542,CCAP34/13,['C14']
2543,CCAP1318/421,['C56']
2544,CCAP418/1A,['C14']
2545,CCAP1310/113,['C56']
2546,CCAP202/27,['C14']
2547,CCAP276/11,['C79']
2548,CCAP276/42,['C14']
2549,CCAP1310/37,['C56']
2550,CCAP706/2,"['C34', 'C47']"
2551,CCAP1310/187,['C56']
2552,CCAP67/18,['C4']
2553,CCAP258/274,['C14']
2554,CCAP1432/6,['C17']
2555,CCAP1318/168,['C56']
2556,CCAP216/19,['C14']
2557,CCAP1310/318,['C56']
2558,CCAP202/7B,['C79']
2559,CCAP1306/24,['C56']
2560,CCAP64/2,['C14']
2561,CCAP1131/1,['C45']
2562,CCAP1050/18,['C37']
2563,CCAP1459/21,['C40']
2564,CCAP379/28,['C14']
2565,CCAP1318/283,['C56']
2566,CCAP1310/69,['C56']
2567,CCAP1318/308,['C56']
2568,CCAP1630/1K,['C81']
2569,CCAP1318/327,['C56']
2570,CCAP1102/5,['C45']
2571,CCAP1318/44,['C56']
2572,CCAP66/64,['C95']
2573,CCAP11/70,['C14']
2574,CCAP222/30,['C14']
2575,CCAP258/15,['C14']
2576,CCAP1224/5Z,['C27']
2577,CCAP1403/13G,['C40']
2578,CCAP251/1B,['C27']
2579,CCAP1310/91,['C56']
2580,CCAP1310/323,['C56']
2581,CCAP136/1,['C14']
2582,CCAP1318/300,['C56']
2583,CCAP1501/1B,['C68']
2584,CCAP1029/2,"['C25', 'C37']"
2585,CCAP231/1,['C14']
2586,CCAP258/294,['C14']
2587,CCAP260/5,['C14']
2588,CCAP1660/22,['C63']
2589,CCAP222/28,['C14']
2590,CCAP1462/10,['C17']
2591,CCAP1314/1,['C56']
2592,CCAP1318/119,['C56']
2593,CCAP1403/13F,['C40']
2594,CCAP1310/208,['C56']
2595,CCAP57/1,['C14']
2596,CCAP258/154,['C14']
2597,CCAP213/2B,['C14']
2598,CCAP258/21,['C14']
2599,CCAP1538/1,['C4']
2600,CCAP1310/88,['C56']
2601,CCAP1095/4,['C37']
2602,CCAP1318/120,['C56']
2603,CCAP262/1,['C14']
2604,CCAP946/1D,['C34']
2605,CCAP211/45,['C13']
2606,CCAP935/19,['C58']
2607,CCAP258/91,['C14']
2608,CCAP1318/293,['C56']
2609,CCAP6005/7,['C34']
2610,CCAP855/2,['C59']
2611,CCAP379/27,['C14']
2612,CCAP251/11,['C34']
2613,CCAP1318/6,['C56']
2614,CCAP258/268,['C14']
2615,CCAP1318/287,['C56']
2616,CCAP1310/16,['C56']
2617,CCAP1005/24,['C25']
2618,CCAP66/22B,['C47']
2619,CCAP236/3,['C55']
2620,CCAP1310/143,['C56']
2621,CCAP213/1A,['C14']
2622,CCAP258/223,['C14']
2623,CCAP11/5C,['C14']
2624,CCAP379/24,['C14']
2625,CCAP1318/97,['C56']
2626,CCAP1077/1C,['C37']
2627,CCAP66/19D,['C95']
2628,CCAP1318/425,['C56']
2629,CCAP1250/10,['C63']
2630,CCAP1904/1,['C12']
2631,CCAP216/24,['C14']
2632,CCAP1318/209,['C56']
2633,CCAP1318/105,['C56']
2634,CCAP1330/1,"['C4', 'C56']"
2635,CCAP19/42,"['C9', 'C35']"
2636,CCAP1055/18,['C37']
2637,CCAP1069/3,['C37']
2638,CCAP1350/10,['C4']
2639,CCAP1310/21,['C56']
2640,CCAP1360/14,['C40']
2641,CCAP1660/24,['C92']
2642,CCAP211/75,['C34']
2643,CCAP1026/1,['C37']
2644,CCAP1460/21,['C40']
2645,CCAP32/27,['C14']
2646,CCAP8/7C,['C14']
2647,CCAP1318/79,['C56']
2648,CCAP1560/4,['C60']
2649,CCAP1306/14,['C56']
2650,CCAP979/66,['C59']
2651,CCAP386/1,['C14']
2652,CCAP11/104,['C14']
2653,CCAP1136/24,['C45']
2654,CCAP1501/3B,['C68']
2655,CCAP1136/12,['C45']
2656,CCAP1501/3G,['C68']
2657,CCAP1479/1B,['C17']
2658,CCAP1271/1,['C99']
2659,CCAP1459/22,['C17']
2660,CCAP258/248,['C14']
2661,CCAP805/4,['C40']
2662,CCAP1310/80,['C56']
2663,CCAP1907/6,['C92']
2664,CCAP276/6A,['C14']
2665,CCAP848/2,['C13']
2666,CCAP211/20,['C95']
2667,CCAP243/6,['C14']
2668,CCAP1518/30,['C68']
2669,CCAP1318/391,['C56']
2670,CCAP1310/151,['C56']
2671,CCAP1318/297,['C56']
2672,CCAP202/8A,['C27']
2673,CCAP221/2,['C79']
2674,CCAP258/260,['C14']
2675,CCAP11/30,['C14']
2676,CCAP477/10A,['C14']
2677,CCAP979/30,['C59']
2678,CCAP1331/1,['C56']
2679,CCAP835/2A,['C14']
2680,CCAP218/7,['C14']
2681,CCAP807/2,['C14']
2682,CCAP1310/267,['C56']
2683,CCAP32/25,['C14']
2684,CCAP1310/268,['C56']
2685,CCAP1479/5,['C40']
2686,CCAP1479/1A,['C40']
2687,CCAP1571/7,['C109']
2688,CCAP211/108,['C14']
2689,CCAP1318/19,['C56']
2690,CCAP1403/10,['C17']
2691,CCAP202/10A,['C40']
2692,CCAP1318/347,['C56']
2693,CCAP34/8,['C14']
2694,CCAP211/33,['C79']
2695,CCAP258/64,['C14']
2696,CCAP1140/7,['C59']
2697,CCAP1310/255,['C56']
2698,CCAP32/14,['C14']
2699,CCAP222/61,['C14']
2700,CCAP1453/25,['C18']
2701,CCAP1318/416,['C56']
2702,CCAP333/3,['C14']
2703,CCAP1318/75,['C56']
2704,CCAP1365/7,['C4']
2705,CCAP258/69,['C14']
2706,CCAP291/1,['C59']
2707,CCAP410/1,['C13']
2708,CCAP1318/72,['C56']
2709,CCAP1942/1,['C109']
2710,CCAP941/6,['C34']
2711,CCAP258/245,['C14']
2712,CCAP211/10C,['C26']
2713,CCAP1400/1,['C10'],Synechoccus sp.
2714,CCAP1318/271,['C56']
2715,CCAP11/108,['C14']
2716,CCAP276/38,['C14']
2717,CCAP1388/4,['C56']
2718,CCAP1915/6,['C63']
2719,CCAP258/175,['C14']
2720,CCAP11/5B,['C14']
2721,CCAP1035/3,['C37']
2722,CCAP202/28,['C14']
2723,CCAP914/1,['C34']
2724,CCAP807/1,['C14']
2725,CCAP216/5,['C79']
2726,CCAP202/6B,['C40']
2727,CCAP1055/7,['C37']
2728,CCAP1380/8,['C56']
2729,CCAP1318/170,['C56']
2730,CCAP1318/311,['C56']
2731,CCAP11/6A,['C14']
2732,CCAP264/3,['C14']
2733,CCAP1450/3,['C40']
2734,CCAP1310/180,['C56']
2735,CCAP1224/20,['C41']
2736,CCAP1269/1,['C58']
2737,CCAP979/61,['C59']
2738,CCAP19/21,['C9']
2739,CCAP1390/1,['C4']
2740,CCAP222/5,['C14']
2741,CCAP1425/1,['C10']
2742,CCAP211/11R,['C79']
2743,CCAP258/219,['C14']
2744,CCAP1085/20,['C37']
2745,CCAP1318/86,['C56']
2746,CCAP1556/1,['C88']
2747,CCAP1915/3,['C63']
2748,CCAP1453/30,['C18']
2749,CCAP1204/17F,['C26']
2750,CCAP379/25,['C79']
2751,CCAP223/1,['C17']
2752,CCAP11/25,['C14']
2753,CCAP1396/1,['C34']
2754,CCAP1318/167,['C56']
2755,CCAP1310/112,['C56']
2756,CCAP1581/5,['C68']
2757,CCAP1119/1,['C45']
2758,CCAP1354/1,['C40']
2759,CCAP222/3,['C14']
2760,CCAP211/11K,['C79']
2761,CCAP575/1B,['C14']
2762,CCAP1660/3B,['C99']
2763,CCAP202/10C,['C27']
2764,CCAP66/21C,['C95']
2765,CCAP1501/15,['C68']
2766,CCAP979/41,['C59']
2767,CCAP163/4,['C95']
2768,CCAP1525/5,['C68']
2769,CCAP14/1,['C14']
2770,CCAP19/45,['C34']
2771,CCAP1570/2,['C60']
2772,CCAP678/9,['C14']
2773,CCAP1462/9,['C17']
2774,CCAP66/23,['C47']
2775,CCAP1318/229,['C56']
2776,CCAP1261/8,['C41']
2777,CCAP2545/1,['C68']
2778,CCAP1007/3,['C37']
2779,CCAP32/20,['C14']
2780,CCAP1459/16,['C17']
2781,CCAP1343/3,['C56']
2782,CCAP1572/7,['C68']
2783,CCAP248/19,['C27']
2784,CCAP1010/50,['C37']
2785,CCAP470/2C,['C79']
2786,CCAP1318/197,['C56']
2787,CCAP933/1C,['C41']
2788,CCAP276/61,['C14']
2789,CCAP11/32A,['C14']
2790,CCAP961/1,['C34']
2791,CCAP1310/216,['C56']
2792,CCAP1310/1,['C56']
2793,CCAP811/1B,['C14']
2794,CCAP1224/4F,['C41']
2795,CCAP222/2B,['C14']
2796,CCAP1318/211,['C56']
2797,CCAP1010/6,['C37']
2798,CCAP276/29,['C14']
2799,CCAP66/73,['C95']
2800,CCAP213/7,['C14']
2801,CCAP1348/5,['C34']
2802,CCAP1473/2,['C17']
2803,CCAP1318/150,['C56']
2804,CCAP276/34,['C14']
2805,CCAP1906/1,['C58']
2806,CCAP1055/6,['C37']
2807,CCAP32/6,['C14']
2808,CCAP1119/38,['C45']
2809,CCAP6007/1,['C56']
2810,CCAP1480/5,['C17']
2811,CCAP1318/152,['C56']
2812,CCAP1010/53,['C37']
2813,CCAP913/2,['C34']
2814,CCAP258/42,['C14']
2815,CCAP1318/16,['C56']
2816,CCAP1310/172,['C56']
2817,CCAP1348/1,['C34']
2818,CCAP880/3,['C14']
2819,CCAP470/2B,['C14']
2820,CCAP1306/17,['C56']
2821,CCAP1318/417,['C56']
2822,CCAP258/73,['C14']
2823,CCAP1318/250,['C56']
2824,CCAP222/80,['C14']
2825,CCAP1318/338,['C56']
2826,CCAP1961/2,['C63']
2827,CCAP1518/14,['C49']
2828,CCAP1283/13,['C41']
2829,CCAP276/7,['C79']
2830,CCAP1393/1,['C56']
2831,CCAP211/62,['C14']
2832,CCAP1310/24,['C56']
2833,CCAP258/163,['C14']
2834,CCAP1310/310,['C56']
2835,CCAP1100/1,['C34']
2836,CCAP1136/25,['C45']
2837,CCAP1310/203,['C56']
2838,CCAP379/6,['C14']
2839,CCAP1410/6,['C18']
2840,CCAP66/20,['C95']
2841,CCAP1343/2,['C56']
2842,CCAP1318/103,['C56']
2843,CCAP1136/15,['C45']
2844,CCAP1308/1,['C56']
2845,CCAP1342/4,['C56']
2846,CCAP258/258,['C14']
2847,CCAP1069/1,['C37']
2848,CCAP1330/10,['C56']
2849,CCAP1318/41,['C56']
2850,CCAP211/10B,['C79']
2851,CCAP978/6A,['C47']
2852,CCAP1250/6,['C63']
2853,CCAP1318/151,['C56']
2854,CCAP1342/2,['C56']
2855,CCAP1375/1,['C56']
2856,CCAP1427/2,['C40']
2857,CCAP1140/9,['C59']
2858,CCAP1310/136,['C56']
2859,CCAP1310/27,['C56']
2860,CCAP940/3,['C34']
2861,CCAP11/138,['C14']
2862,CCAP258/142,['C14']
2863,CCAP1501/9,['C68']
2864,CCAP202/8D,['C79']
2865,CCAP1957/5,['C63']
2866,CCAP1085/34,['C37']
2867,CCAP935/17,['C12']
2868,CCAP409/1,['C14']
2869,CCAP11/58,['C14']
2870,CCAP276/20,['C14']
2871,CCAP1318/420,['C56']
2872,CCAP1518/31,['C68']
2873,CCAP1501/14,['C68']
2874,CCAP217/2,['C27']
2875,CCAP1283/2,['C41']
2876,CCAP211/110,['C14']
2877,CCAP11/149,['C14']
2878,CCAP31/3,['C14']
2879,CCAP211/58,['C26']
2880,CCAP202/7D,['C79']
2881,CCAP276/3C,['C79']
2882,CCAP19/35,['C2']
2883,CCAP258/110,['C14']
2884,CCAP1318/256,['C56']
2885,CCAP1310/314,['C56']
2886,CCAP258/202,['C14']
2887,CCAP1310/127,['C56']
2888,CCAP258/131,['C14']
2889,CCAP214/2,['C14']
2890,CCAP1310/237,['C56']
2891,CCAP1204/3,['C99']
2892,CCAP67/8,['C47']
2893,CCAP1318/277,['C56']
2894,CCAP1318/127,['C56']
2895,CCAP1310/20,['C56']
2896,CCAP1310/75,['C56']
2897,CCAP1350/9,['C70']
2898,CCAP848/1,['C14']
2899,CCAP1329/1,['C56']
2900,CCAP254/2,['C14']
2901,CCAP1310/175,['C56']
2902,CCAP811/1A,['C14']
2903,CCAP11/160,['C14']
2904,CCAP11/52,['C14']
2905,CCAP1518/29,['C68']
2906,CCAP19/9,['C34']
2907,CCAP1318/78,['C56']
2908,CCAP222/45,['C14']
2909,CCAP335/13,['C14']
2910,CCAP335/12,['C14']
2911,CCAP6005/2,['C47']
2912,CCAP1095/1,['C37']
2913,CCAP1310/14,['C56']
2914,CCAP1976/4,['C63']
2915,CCAP258/262,['C14']
2916,CCAP1306/28,['C56']
2917,CCAP1630/16,['C81']
2918,CCAP1479/9,['C17']
2919,CCAP6005/8,['C47']
2920,CCAP1518/28,['C68']
2921,CCAP1318/144,['C56']
2922,CCAP575/1A,['C14']
2923,CCAP1318/238,['C56']
2924,CCAP1134/14,['C45']
2925,CCAP278/2H,['C79']
2926,CCAP11/71,['C14']
2927,CCAP939/1,['C74']
2928,CCAP236/1C,['C55']
2929,CCAP1318/272,['C56']
2930,CCAP1306/30,['C56']
2931,CCAP379/29,['C14']
2932,CCAP1071/2,['C37']
2933,CCAP7/1B,['C95']
2934,CCAP11/118,['C14']
2935,CCAP1310/254,['C56']
2936,CCAP1318/96,['C56']
2937,CCAP1318/153,['C56']
2938,CCAP1323/1,['C56']
2939,CCAP60/2,['C14']
2940,CCAP1393/8,['C56']
2941,CCAP222/26,['C14']
2942,CCAP211/118,['C14']
2943,CCAP1310/67,['C56']
2944,CCAP1310/239,['C56']
2945,CCAP1445/1,['C10']
2946,CCAP1399/2,['C34']
2947,CCAP32/31,['C14']
2948,CCAP1010/34,['C37']
2949,CCAP1074/6,['C37']
2950,CCAP1430/2,['C40']
2951,CCAP1976/3,['C63']
2952,CCAP1310/86,['C56']
2953,CCAP1427/3,['C18']
2954,CCAP946/1B,['C34']
2955,CCAP1023/6,['C37']
2956,CCAP6005/10,['C47']
2957,CCAP1271/4,['C99']
2958,CCAP920/8,['C34']
2959,CCAP1306/38,['C56']
2960,CCAP1518/15,['C50']
2961,CCAP19/4,"['C9', 'C34', 'C35']"
2962,CCAP1310/345,['C56']
2963,CCAP1576/1,['C58']
2964,CCAP1310/147,['C56']
2965,CCAP258/81,['C14']
2966,CCAP211/11S,['C79']
2967,CCAP1310/148,['C56']
2968,CCAP1380/1A,"['C4', 'C35']"
2969,CCAP699/1,['C14']
2970,CCAP12/6,['C14']
2971,CCAP276/2,"['C14', 'C27']"
2972,CCAP1318/424,['C56']
2973,CCAP1310/167,['C56']
2974,CCAP1310/190,['C56']
2975,CCAP415/1,['C14']
2976,CCAP159/2,['C14']
2977,CCAP1250/3,['C72']
2978,CCAP1660/16,['C92']
2979,CCAP1002/1,['C25']
2980,CCAP258/141,['C14']
2981,CCAP1306/8,['C56']
2982,CCAP11/45,['C14']
2983,CCAP1318/243,['C56']
2984,CCAP335/8,['C92']
2985,CCAP1055/5,['C37']
2986,CCAP2571/1,['C63']
2987,CCAP1010/55,['C37']
2988,CCAP34/12,['C14']
2989,CCAP6005/5,['C47']
2990,CCAP946/6,['C34']
2991,CCAP1010/19,['C37']
2992,CCAP276/3A,['C27']
2993,CCAP450/1B,['C14']
2994,CCAP202/14C,['C79']
2995,CCAP276/55,['C14']
2996,CCAP935/20,['C4']
2997,CCAP11/86B,['C95']
2998,CCAP1010/33,['C37']
2999,CCAP462/2,['C14']
3000,CCAP211/27,['C95']
3001,CCAP1453/8,['C17']
3002,CCAP1003/4,['C37']
3003,CCAP264/2,['C14']
3004,CCAP4001/1,['C56']
3005,CCAP211/11I,['C27']
3006,CCAP258/130,['C14']
3007,CCAP1010/18,['C37']
3008,CCAP1310/13,['C56']
3009,CCAP1320/2,['C56']
3010,CCAP213/2A,['C14']
3011,CCAP243/5,['C14']
3012,CCAP1588/13,['C68']
3013,CCAP260/14,['C14']
3014,CCAP278/2F,['C79']
3015,CCAP1976/1,['C63']
3016,CCAP1060/10,['C37']
3017,CCAP211/11P,['C79']
3018,CCAP11/2,['C14']
3019,CCAP1917/1,['C71']
3020,CCAP1318/261,['C56']
3021,CCAP1318/241,['C56']
3022,CCAP1318/394,['C56']
3023,CCAP379/16,['C79']
3024,CCAP1318/38,['C56']
3025,CCAP1318/345,['C56']
3026,CCAP211/15,['C79']
3027,CCAP1403/16,['C18']
3028,CCAP679/11,['C14']
3029,CCAP11/63,['C14']
3030,CCAP1607/4,['C92']
3031,CCAP927/20,['C34']
3032,CCAP1342/3,['C56']
3033,CCAP1537/1A,['C68']
3034,CCAP1310/130,['C56']
3035,CCAP1134/15,['C45']
3036,CCAP11/5D,['C14']
3037,CCAP1318/353,['C56']
3038,CCAP1318/379,['C56']
3039,CCAP379/14,['C79']
3040,CCAP6006/7,['C34']
3041,CCAP258/90,['C14']
3042,CCAP1453/29,['C18']
3043,CCAP5/1,['C14']
3044,CCAP612/14B,['C59']
3045,CCAP1318/8,['C56']
3046,CCAP11/8,"['C14', 'C95']"
3047,CCAP1460/9,['C17']
3048,CCAP1453/28,['C18']
